molecule_chembl_id,target_chembl_id,standard_value,standard_units,standard_type
CHEMBL181385,CHEMBL5141,34.0,nM,IC50
CHEMBL181385,CHEMBL5141,86.0,nM,IC50
CHEMBL180856,CHEMBL5141,50.0,nM,IC50
CHEMBL179825,CHEMBL5141,100.0,nM,IC50
CHEMBL362412,CHEMBL5141,19.0,nM,IC50
CHEMBL362412,CHEMBL5141,153.0,nM,IC50
CHEMBL181309,CHEMBL5141,7.0,nM,IC50
CHEMBL181309,CHEMBL5141,18.0,nM,IC50
CHEMBL180805,CHEMBL5141,21.4,nM,IC50
CHEMBL180805,CHEMBL5141,73.0,nM,IC50
CHEMBL178474,CHEMBL5141,16.0,nM,IC50
CHEMBL178474,CHEMBL5141,85.0,nM,IC50
CHEMBL359627,CHEMBL5141,6.0,nM,IC50
CHEMBL359627,CHEMBL5141,71.0,nM,IC50
CHEMBL180592,CHEMBL5141,77.0,nM,IC50
CHEMBL178873,CHEMBL5141,335.0,nM,IC50
CHEMBL180348,CHEMBL5141,25.0,nM,IC50
CHEMBL179550,CHEMBL5141,8.0,nM,IC50
CHEMBL426789,CHEMBL5141,3.5,nM,IC50
CHEMBL426789,CHEMBL5141,6.3,nM,IC50
CHEMBL368448,CHEMBL5141,3.3,nM,IC50
CHEMBL368448,CHEMBL5141,12.0,nM,IC50
CHEMBL360771,CHEMBL5141,20.0,nM,IC50
CHEMBL360771,CHEMBL5141,46.0,nM,IC50
CHEMBL360148,CHEMBL5141,48.0,nM,IC50
CHEMBL182438,CHEMBL5141,37.0,nM,IC50
CHEMBL360072,CHEMBL5141,14.4,nM,IC50
CHEMBL362489,CHEMBL5141,47.0,nM,IC50
CHEMBL180829,CHEMBL5141,54.0,nM,IC50
CHEMBL367357,CHEMBL5141,35.0,nM,IC50
CHEMBL389433,CHEMBL5141,6000.0,nM,IC50
CHEMBL208154,CHEMBL5141,20.0,nM,IC50
CHEMBL208443,CHEMBL5141,1.3,nM,IC50
CHEMBL382574,CHEMBL5141,26.0,nM,IC50
CHEMBL204684,CHEMBL5141,403.0,nM,IC50
CHEMBL205862,CHEMBL5141,1.4,nM,IC50
CHEMBL207304,CHEMBL5141,1.6,nM,IC50
CHEMBL207942,CHEMBL5141,4.2,nM,IC50
CHEMBL210569,CHEMBL5141,583.0,nM,IC50
CHEMBL208158,CHEMBL5141,34.0,nM,IC50
CHEMBL205280,CHEMBL5141,60.0,nM,IC50
CHEMBL207411,CHEMBL5141,125.0,nM,IC50
CHEMBL207486,CHEMBL5141,3.0,nM,IC50
CHEMBL208155,CHEMBL5141,5.0,nM,IC50
CHEMBL210780,CHEMBL5141,9.0,nM,IC50
CHEMBL378132,CHEMBL5141,46.7,nM,IC50
CHEMBL207638,CHEMBL5141,11.2,nM,IC50
CHEMBL377177,CHEMBL5141,7.3,nM,IC50
CHEMBL207345,CHEMBL5141,40.0,nM,IC50
CHEMBL206884,CHEMBL5141,34.7,nM,IC50
CHEMBL377286,CHEMBL5141,37.0,nM,IC50
CHEMBL224828,CHEMBL5141,200.0,nM,IC50
CHEMBL190837,CHEMBL5141,56.0,nM,IC50
CHEMBL223072,CHEMBL5141,24.7,nM,IC50
CHEMBL57765,CHEMBL5141,10.9,nM,IC50
CHEMBL224828,CHEMBL5141,215.0,nM,IC50
CHEMBL57765,CHEMBL5141,6.3,nM,IC50
CHEMBL225621,CHEMBL5141,6000.0,nM,IC50
CHEMBL225621,CHEMBL5141,6000.0,nM,IC50
CHEMBL190837,CHEMBL5141,24.0,nM,IC50
CHEMBL223072,CHEMBL5141,10.0,nM,IC50
CHEMBL224828,CHEMBL5141,40.0,nM,IC50
CHEMBL223072,CHEMBL5141,5.2,nM,IC50
CHEMBL57765,CHEMBL5141,2.4,nM,IC50
CHEMBL225621,CHEMBL5141,800.0,nM,IC50
CHEMBL225621,CHEMBL5141,680.0,nM,IC50
CHEMBL431135,CHEMBL5141,,,IC50
CHEMBL431135,CHEMBL5141,,,IC50
CHEMBL431135,CHEMBL5141,,,IC50
CHEMBL225621,CHEMBL5141,,,IC50
CHEMBL225621,CHEMBL5141,,,IC50
CHEMBL224080,CHEMBL5141,,,IC50
CHEMBL224080,CHEMBL5141,,,IC50
CHEMBL224080,CHEMBL5141,,,IC50
CHEMBL7301,CHEMBL5141,,,IC50
CHEMBL157101,CHEMBL5141,,,IC50
CHEMBL225121,CHEMBL5141,,,IC50
CHEMBL225429,CHEMBL5141,,,IC50
CHEMBL387639,CHEMBL5141,,,IC50
CHEMBL224995,CHEMBL5141,,,IC50
CHEMBL388283,CHEMBL5141,,,IC50
CHEMBL388064,CHEMBL5141,,,IC50
CHEMBL53449,CHEMBL5141,,,IC50
CHEMBL417769,CHEMBL5141,,,IC50
CHEMBL7301,CHEMBL5141,,,IC50
CHEMBL157101,CHEMBL5141,,,IC50
CHEMBL225121,CHEMBL5141,,,IC50
CHEMBL225429,CHEMBL5141,,,IC50
CHEMBL387639,CHEMBL5141,,,IC50
CHEMBL224995,CHEMBL5141,,,IC50
CHEMBL388283,CHEMBL5141,,,IC50
CHEMBL388064,CHEMBL5141,,,IC50
CHEMBL53449,CHEMBL5141,,,IC50
CHEMBL417769,CHEMBL5141,,,IC50
CHEMBL7301,CHEMBL5141,,,IC50
CHEMBL157101,CHEMBL5141,,,IC50
CHEMBL389433,CHEMBL5141,,,IC50
CHEMBL225121,CHEMBL5141,,,IC50
CHEMBL225429,CHEMBL5141,,,IC50
CHEMBL387639,CHEMBL5141,,,IC50
CHEMBL224995,CHEMBL5141,,,IC50
CHEMBL388283,CHEMBL5141,,,IC50
CHEMBL388064,CHEMBL5141,,,IC50
CHEMBL190837,CHEMBL5141,,,IC50
CHEMBL53449,CHEMBL5141,,,IC50
CHEMBL417769,CHEMBL5141,,,IC50
CHEMBL365510,CHEMBL5141,50000.0,nM,IC50
CHEMBL375044,CHEMBL5141,43000.0,nM,IC50
CHEMBL224728,CHEMBL5141,39000.0,nM,IC50
CHEMBL183636,CHEMBL5141,25000.0,nM,IC50
CHEMBL185724,CHEMBL5141,10000.0,nM,IC50
CHEMBL361073,CHEMBL5141,10000.0,nM,IC50
CHEMBL361511,CHEMBL5141,25000.0,nM,IC50
CHEMBL186016,CHEMBL5141,20000.0,nM,IC50
CHEMBL185684,CHEMBL5141,5000.0,nM,IC50
CHEMBL363039,CHEMBL5141,20000.0,nM,IC50
CHEMBL185720,CHEMBL5141,50000.0,nM,IC50
CHEMBL224305,CHEMBL5141,5.0,nM,IC50
CHEMBL389433,CHEMBL5141,7000.0,nM,IC50
CHEMBL157101,CHEMBL5141,12000.0,nM,IC50
CHEMBL186798,CHEMBL5141,50000.0,nM,IC50
CHEMBL360640,CHEMBL5141,20000.0,nM,IC50
CHEMBL426188,CHEMBL5141,20000.0,nM,IC50
CHEMBL365686,CHEMBL5141,50000.0,nM,IC50
CHEMBL187150,CHEMBL5141,9000.0,nM,IC50
CHEMBL426432,CHEMBL5141,7000.0,nM,IC50
CHEMBL363682,CHEMBL5141,9000.0,nM,IC50
CHEMBL188017,CHEMBL5141,20000.0,nM,IC50
CHEMBL255090,CHEMBL5141,2200.0,nM,IC50
CHEMBL461860,CHEMBL5141,50000.0,nM,IC50
CHEMBL450523,CHEMBL5141,5000.0,nM,IC50
CHEMBL360771,CHEMBL5141,3300.0,nM,IC50
CHEMBL460780,CHEMBL5141,1500.0,nM,IC50
CHEMBL518642,CHEMBL5141,900.0,nM,IC50
CHEMBL462468,CHEMBL5141,2500.0,nM,IC50
CHEMBL517904,CHEMBL5141,1000.0,nM,IC50
CHEMBL518482,CHEMBL5141,500.0,nM,IC50
CHEMBL460130,CHEMBL5141,15000.0,nM,IC50
CHEMBL459925,CHEMBL5141,5000.0,nM,IC50
CHEMBL449460,CHEMBL5141,35000.0,nM,IC50
CHEMBL460357,CHEMBL5141,7000.0,nM,IC50
CHEMBL517109,CHEMBL5141,4500.0,nM,IC50
CHEMBL389433,CHEMBL5141,7000.0,nM,IC50
CHEMBL224305,CHEMBL5141,5.0,nM,IC50
CHEMBL1766000,CHEMBL5141,10.0,nM,IC50
CHEMBL1766001,CHEMBL5141,8.0,nM,IC50
CHEMBL1766002,CHEMBL5141,250.0,nM,IC50
CHEMBL1766003,CHEMBL5141,6.0,nM,IC50
CHEMBL1766004,CHEMBL5141,125.0,nM,IC50
CHEMBL1766005,CHEMBL5141,3.0,nM,IC50
CHEMBL1766006,CHEMBL5141,8.0,nM,IC50
CHEMBL1766007,CHEMBL5141,3.0,nM,IC50
CHEMBL1766008,CHEMBL5141,10.0,nM,IC50
CHEMBL1766009,CHEMBL5141,100.0,nM,IC50
CHEMBL389433,CHEMBL5141,540.0,nM,IC50
CHEMBL517438,CHEMBL5141,10.0,nM,IC50
CHEMBL1766010,CHEMBL5141,40.0,nM,IC50
CHEMBL1766011,CHEMBL5141,26.0,nM,IC50
CHEMBL1766012,CHEMBL5141,140.0,nM,IC50
CHEMBL1766013,CHEMBL5141,50.0,nM,IC50
CHEMBL1766014,CHEMBL5141,1000.0,nM,IC50
CHEMBL1766015,CHEMBL5141,1000.0,nM,IC50
CHEMBL518482,CHEMBL5141,500.0,nM,IC50
CHEMBL1766005,CHEMBL5141,3.0,nM,IC50
CHEMBL1831082,CHEMBL5141,300.0,nM,IC50
CHEMBL1831083,CHEMBL5141,0.35,nM,IC50
CHEMBL1831084,CHEMBL5141,200.0,nM,IC50
CHEMBL1831085,CHEMBL5141,140.0,nM,IC50
CHEMBL1831086,CHEMBL5141,290.0,nM,IC50
CHEMBL1831087,CHEMBL5141,400.0,nM,IC50
CHEMBL1828655,CHEMBL5141,50.0,nM,IC50
CHEMBL1831088,CHEMBL5141,12.0,nM,IC50
CHEMBL1831089,CHEMBL5141,120.0,nM,IC50
CHEMBL1831090,CHEMBL5141,75.0,nM,IC50
CHEMBL1831091,CHEMBL5141,40.0,nM,IC50
CHEMBL389433,CHEMBL5141,540.0,nM,IC50
CHEMBL517438,CHEMBL5141,10.0,nM,IC50
CHEMBL1831092,CHEMBL5141,0.35,nM,IC50
CHEMBL1831093,CHEMBL5141,1000.0,nM,IC50
CHEMBL1831094,CHEMBL5141,350.0,nM,IC50
CHEMBL1766005,CHEMBL5141,3.0,nM,IC50
CHEMBL517438,CHEMBL5141,10.0,nM,IC50
CHEMBL1831092,CHEMBL5141,0.3,nM,IC50
CHEMBL1766000,CHEMBL5141,10.0,nM,IC50
CHEMBL2146978,CHEMBL5141,250.0,nM,IC50
CHEMBL2146979,CHEMBL5141,450.0,nM,IC50
CHEMBL2146980,CHEMBL5141,16.0,nM,IC50
CHEMBL2146981,CHEMBL5141,9.4,nM,IC50
CHEMBL2146982,CHEMBL5141,700.0,nM,IC50
CHEMBL2146983,CHEMBL5141,1000.0,nM,IC50
CHEMBL2146984,CHEMBL5141,100.0,nM,IC50
CHEMBL2146985,CHEMBL5141,45.0,nM,IC50
CHEMBL2146986,CHEMBL5141,14.0,nM,IC50
CHEMBL2146987,CHEMBL5141,5.7,nM,IC50
CHEMBL2147089,CHEMBL5141,500.0,nM,IC50
CHEMBL1766001,CHEMBL5141,8.0,nM,IC50
CHEMBL2147090,CHEMBL5141,6.7,nM,IC50
CHEMBL2147091,CHEMBL5141,90.0,nM,IC50
CHEMBL2147092,CHEMBL5141,10.0,nM,IC50
CHEMBL2205783,CHEMBL5141,1000.0,nM,IC50
CHEMBL2205782,CHEMBL5141,1000.0,nM,IC50
CHEMBL2205781,CHEMBL5141,1000.0,nM,IC50
CHEMBL2205780,CHEMBL5141,250.0,nM,IC50
CHEMBL2205779,CHEMBL5141,200.0,nM,IC50
CHEMBL2205778,CHEMBL5141,85.0,nM,IC50
CHEMBL2205777,CHEMBL5141,1000.0,nM,IC50
CHEMBL2205776,CHEMBL5141,95.0,nM,IC50
CHEMBL2205775,CHEMBL5141,13.0,nM,IC50
CHEMBL3398412,CHEMBL5141,2340.0,nM,IC50
CHEMBL3398413,CHEMBL5141,3130.0,nM,IC50
CHEMBL3398414,CHEMBL5141,5190.0,nM,IC50
CHEMBL3398415,CHEMBL5141,3350.0,nM,IC50
CHEMBL3398416,CHEMBL5141,3480.0,nM,IC50
CHEMBL3398417,CHEMBL5141,2070.0,nM,IC50
CHEMBL3398418,CHEMBL5141,1360.0,nM,IC50
CHEMBL3398419,CHEMBL5141,3220.0,nM,IC50
CHEMBL3398420,CHEMBL5141,1870.0,nM,IC50
CHEMBL3398421,CHEMBL5141,3210.0,nM,IC50
CHEMBL389433,CHEMBL5141,2450.0,nM,IC50
CHEMBL3398411,CHEMBL5141,3140.0,nM,IC50
CHEMBL3398410,CHEMBL5141,4020.0,nM,IC50
CHEMBL3398409,CHEMBL5141,2730.0,nM,IC50
CHEMBL3398408,CHEMBL5141,3090.0,nM,IC50
CHEMBL3398407,CHEMBL5141,2830.0,nM,IC50
CHEMBL3398406,CHEMBL5141,5070.0,nM,IC50
CHEMBL3398405,CHEMBL5141,3020.0,nM,IC50
CHEMBL3398404,CHEMBL5141,2810.0,nM,IC50
CHEMBL3398403,CHEMBL5141,2620.0,nM,IC50
CHEMBL3398402,CHEMBL5141,3260.0,nM,IC50
CHEMBL3398401,CHEMBL5141,3040.0,nM,IC50
CHEMBL180856,CHEMBL5141,50.0,nM,IC50
CHEMBL1766005,CHEMBL5141,3.0,nM,IC50
CHEMBL224305,CHEMBL5141,4.0,nM,IC50
CHEMBL3617993,CHEMBL5141,10.0,nM,IC50
CHEMBL3617978,CHEMBL5141,370.0,nM,IC50
CHEMBL3617979,CHEMBL5141,650.0,nM,IC50
CHEMBL3617980,CHEMBL5141,790.0,nM,IC50
CHEMBL3617981,CHEMBL5141,540.0,nM,IC50
CHEMBL3617982,CHEMBL5141,970.0,nM,IC50
CHEMBL3617983,CHEMBL5141,220.0,nM,IC50
CHEMBL3617984,CHEMBL5141,600.0,nM,IC50
CHEMBL3617985,CHEMBL5141,620.0,nM,IC50
CHEMBL3617986,CHEMBL5141,460.0,nM,IC50
CHEMBL3617987,CHEMBL5141,1020.0,nM,IC50
CHEMBL3617988,CHEMBL5141,410.0,nM,IC50
CHEMBL3617989,CHEMBL5141,740.0,nM,IC50
CHEMBL3617990,CHEMBL5141,840.0,nM,IC50
CHEMBL3617991,CHEMBL5141,630.0,nM,IC50
CHEMBL3617992,CHEMBL5141,1110.0,nM,IC50
CHEMBL389433,CHEMBL5141,890.0,nM,IC50
CHEMBL3785701,CHEMBL5141,10000.0,nM,IC50
CHEMBL3787323,CHEMBL5141,270.0,nM,IC50
CHEMBL3786340,CHEMBL5141,5000.0,nM,IC50
CHEMBL3786043,CHEMBL5141,10600.0,nM,IC50
CHEMBL3786927,CHEMBL5141,5000.0,nM,IC50
CHEMBL3785557,CHEMBL5141,5000.0,nM,IC50
CHEMBL3785761,CHEMBL5141,5000.0,nM,IC50
CHEMBL3785624,CHEMBL5141,5000.0,nM,IC50
CHEMBL3787627,CHEMBL5141,340.0,nM,IC50
CHEMBL3786581,CHEMBL5141,240.0,nM,IC50
CHEMBL3786324,CHEMBL5141,1660.0,nM,IC50
CHEMBL95949,CHEMBL5141,4700.0,nM,IC50
CHEMBL323626,CHEMBL5141,1300.0,nM,IC50
CHEMBL112715,CHEMBL5141,7800.0,nM,IC50
CHEMBL101308,CHEMBL5141,25000.0,nM,IC50
CHEMBL3787691,CHEMBL5141,3500.0,nM,IC50
CHEMBL3785511,CHEMBL5141,2800.0,nM,IC50
CHEMBL3787564,CHEMBL5141,4000.0,nM,IC50
CHEMBL3786184,CHEMBL5141,60.0,nM,IC50
CHEMBL3786620,CHEMBL5141,110.0,nM,IC50
CHEMBL309282,CHEMBL5141,1630.0,nM,IC50
CHEMBL1023,CHEMBL5141,13500.0,nM,IC50
CHEMBL459505,CHEMBL5141,5.1,nM,IC50
CHEMBL389433,CHEMBL5141,1900.0,nM,IC50
CHEMBL180856,CHEMBL5141,50.0,nM,IC50
CHEMBL1766005,CHEMBL5141,30.0,nM,IC50
CHEMBL389433,CHEMBL5141,1900.0,nM,IC50
CHEMBL157101,CHEMBL5141,660.0,nM,IC50
CHEMBL459505,CHEMBL5141,5.1,nM,IC50
CHEMBL5785788,CHEMBL5141,4.3,nM,IC50
CHEMBL25202,CHEMBL5141,13050.0,nM,IC50
CHEMBL69367,CHEMBL5141,6500.0,nM,IC50
CHEMBL275311,CHEMBL5141,5600.0,nM,IC50
CHEMBL3787564,CHEMBL5141,4400.0,nM,IC50
CHEMBL3785511,CHEMBL5141,3250.0,nM,IC50
CHEMBL6054609,CHEMBL5141,3900.0,nM,IC50
CHEMBL4792252,CHEMBL5141,40200.0,nM,IC50
CHEMBL4216904,CHEMBL5141,14800.0,nM,IC50
CHEMBL1201375,CHEMBL5141,7600.0,nM,IC50
CHEMBL451835,CHEMBL5141,10500.0,nM,IC50
CHEMBL6018534,CHEMBL5141,42500.0,nM,IC50
CHEMBL5755195,CHEMBL5141,9900.0,nM,IC50
CHEMBL5803577,CHEMBL5141,5660.0,nM,IC50
CHEMBL5785529,CHEMBL5141,830.0,nM,IC50
CHEMBL5959317,CHEMBL5141,100000.0,nM,IC50
CHEMBL5933931,CHEMBL5141,1140.0,nM,IC50
CHEMBL5842431,CHEMBL5141,14020.0,nM,IC50
CHEMBL5889941,CHEMBL5141,8240.0,nM,IC50
CHEMBL5878939,CHEMBL5141,39730.0,nM,IC50
CHEMBL5801515,CHEMBL5141,1290.0,nM,IC50
CHEMBL5975645,CHEMBL5141,470.0,nM,IC50
CHEMBL5772280,CHEMBL5141,3170.0,nM,IC50
CHEMBL5999415,CHEMBL5141,2200.0,nM,IC50
CHEMBL5850958,CHEMBL5141,80520.0,nM,IC50
CHEMBL5850367,CHEMBL5141,8230.0,nM,IC50
CHEMBL5844283,CHEMBL5141,20010.0,nM,IC50
CHEMBL5775135,CHEMBL5141,100.0,nM,IC50
CHEMBL5941914,CHEMBL5141,6200.0,nM,IC50
CHEMBL5881268,CHEMBL5141,28390.0,nM,IC50
CHEMBL6058289,CHEMBL5141,1000000.0,nM,IC50
CHEMBL5833159,CHEMBL5141,1774.0,nM,IC50
CHEMBL5961796,CHEMBL5141,38660.0,nM,IC50
CHEMBL5894941,CHEMBL5141,1000000.0,nM,IC50
CHEMBL5757565,CHEMBL5141,741.0,nM,IC50
CHEMBL5976308,CHEMBL5141,1900.0,nM,IC50
CHEMBL6035444,CHEMBL5141,45600.0,nM,IC50
CHEMBL5934332,CHEMBL5141,7000.0,nM,IC50
CHEMBL5912888,CHEMBL5141,8600.0,nM,IC50
CHEMBL5758892,CHEMBL5141,1000000.0,nM,IC50
CHEMBL5772795,CHEMBL5141,31500.0,nM,IC50
CHEMBL5744932,CHEMBL5141,8600.0,nM,IC50
CHEMBL5972108,CHEMBL5141,9600.0,nM,IC50
CHEMBL5803577,CHEMBL5141,5660.0,nM,IC50
CHEMBL5785529,CHEMBL5141,830.0,nM,IC50
CHEMBL5959317,CHEMBL5141,100000.0,nM,IC50
CHEMBL5933931,CHEMBL5141,1140.0,nM,IC50
CHEMBL6013465,CHEMBL5141,14020.0,nM,IC50
CHEMBL5835875,CHEMBL5141,8240.0,nM,IC50
CHEMBL5878939,CHEMBL5141,39730.0,nM,IC50
CHEMBL5801515,CHEMBL5141,1290.0,nM,IC50
CHEMBL5975645,CHEMBL5141,470.0,nM,IC50
CHEMBL5772280,CHEMBL5141,3170.0,nM,IC50
CHEMBL5999415,CHEMBL5141,2200.0,nM,IC50
CHEMBL5850958,CHEMBL5141,80520.0,nM,IC50
CHEMBL5850367,CHEMBL5141,8230.0,nM,IC50
CHEMBL5963896,CHEMBL5141,20010.0,nM,IC50
CHEMBL5775135,CHEMBL5141,100.0,nM,IC50
CHEMBL5941914,CHEMBL5141,6200.0,nM,IC50
CHEMBL5881268,CHEMBL5141,28390.0,nM,IC50
CHEMBL6058289,CHEMBL5141,1000000.0,nM,IC50
CHEMBL5833159,CHEMBL5141,1774.0,nM,IC50
CHEMBL5961796,CHEMBL5141,38660.0,nM,IC50
CHEMBL5894941,CHEMBL5141,1000000.0,nM,IC50
CHEMBL5757565,CHEMBL5141,741.0,nM,IC50
CHEMBL5976308,CHEMBL5141,1900.0,nM,IC50
CHEMBL421891,CHEMBL4633,9700.0,nM,IC50
CHEMBL111539,CHEMBL4633,8000.0,nM,IC50
CHEMBL109336,CHEMBL4633,3700.0,nM,IC50
CHEMBL418444,CHEMBL4633,3200.0,nM,IC50
CHEMBL109739,CHEMBL4633,3900.0,nM,IC50
CHEMBL109643,CHEMBL4633,6100.0,nM,IC50
CHEMBL281622,CHEMBL4633,200.0,nM,IC50
CHEMBL111753,CHEMBL4633,4000.0,nM,IC50
CHEMBL112516,CHEMBL4633,2900.0,nM,IC50
CHEMBL325794,CHEMBL4633,5800.0,nM,IC50
CHEMBL110004,CHEMBL4633,9900.0,nM,IC50
CHEMBL112852,CHEMBL4633,10100.0,nM,IC50
CHEMBL109698,CHEMBL4633,5600.0,nM,IC50
CHEMBL290227,CHEMBL4633,86.0,nM,IC50
CHEMBL418444,CHEMBL4633,1000.0,nM,IC50
CHEMBL55142,CHEMBL4633,240.0,nM,IC50
CHEMBL55091,CHEMBL4633,471.0,nM,IC50
CHEMBL56808,CHEMBL4633,5000.0,nM,IC50
CHEMBL59430,CHEMBL4633,10000.0,nM,IC50
CHEMBL56124,CHEMBL4633,2300.0,nM,IC50
CHEMBL55791,CHEMBL4633,544.0,nM,IC50
CHEMBL55791,CHEMBL4633,3160.0,nM,IC50
CHEMBL56173,CHEMBL4633,164.0,nM,IC50
CHEMBL56173,CHEMBL4633,1053.0,nM,IC50
CHEMBL294373,CHEMBL4633,227.0,nM,IC50
CHEMBL53676,CHEMBL4633,310.0,nM,IC50
CHEMBL53676,CHEMBL4633,231.0,nM,IC50
CHEMBL299451,CHEMBL4633,239.0,nM,IC50
CHEMBL298622,CHEMBL4633,190.0,nM,IC50
CHEMBL298622,CHEMBL4633,216.0,nM,IC50
CHEMBL56589,CHEMBL4633,75.0,nM,IC50
CHEMBL56589,CHEMBL4633,434.0,nM,IC50
CHEMBL54934,CHEMBL4633,117.0,nM,IC50
CHEMBL54934,CHEMBL4633,249.0,nM,IC50
CHEMBL53790,CHEMBL4633,7680.0,nM,IC50
CHEMBL56998,CHEMBL4633,100.0,nM,IC50
CHEMBL291738,CHEMBL4633,206.0,nM,IC50
CHEMBL293719,CHEMBL4633,30000.0,nM,IC50
CHEMBL293719,CHEMBL4633,10000.0,nM,IC50
CHEMBL54231,CHEMBL4633,475.0,nM,IC50
CHEMBL299668,CHEMBL4633,65.0,nM,IC50
CHEMBL299668,CHEMBL4633,250.0,nM,IC50
CHEMBL56151,CHEMBL4633,1170.0,nM,IC50
CHEMBL417417,CHEMBL4633,275.0,nM,IC50
CHEMBL56590,CHEMBL4633,280.0,nM,IC50
CHEMBL56590,CHEMBL4633,279.0,nM,IC50
CHEMBL291674,CHEMBL4633,8000.0,nM,IC50
CHEMBL53841,CHEMBL4633,32.0,nM,IC50
CHEMBL53841,CHEMBL4633,335.0,nM,IC50
CHEMBL59482,CHEMBL4633,30000.0,nM,IC50
CHEMBL59482,CHEMBL4633,10000.0,nM,IC50
CHEMBL59536,CHEMBL4633,30000.0,nM,IC50
CHEMBL293083,CHEMBL4633,198.0,nM,IC50
CHEMBL293083,CHEMBL4633,2620.0,nM,IC50
CHEMBL55202,CHEMBL4633,88.0,nM,IC50
CHEMBL55202,CHEMBL4633,329.0,nM,IC50
CHEMBL298608,CHEMBL4633,280.0,nM,IC50
CHEMBL298608,CHEMBL4633,351.0,nM,IC50
CHEMBL416313,CHEMBL4633,340.0,nM,IC50
CHEMBL416313,CHEMBL4633,213.0,nM,IC50
CHEMBL57615,CHEMBL4633,5000.0,nM,IC50
CHEMBL293721,CHEMBL4633,47.0,nM,IC50
CHEMBL293721,CHEMBL4633,267.0,nM,IC50
CHEMBL55649,CHEMBL4633,930.0,nM,IC50
CHEMBL54846,CHEMBL4633,550.0,nM,IC50
CHEMBL54846,CHEMBL4633,259.0,nM,IC50
CHEMBL59308,CHEMBL4633,240.0,nM,IC50
CHEMBL59308,CHEMBL4633,602.0,nM,IC50
CHEMBL57117,CHEMBL4633,828.0,nM,IC50
CHEMBL56261,CHEMBL4633,817.0,nM,IC50
CHEMBL56261,CHEMBL4633,1676.0,nM,IC50
CHEMBL278971,CHEMBL4633,30000.0,nM,IC50
CHEMBL274227,CHEMBL4633,200.0,nM,IC50
CHEMBL279370,CHEMBL4633,140.0,nM,IC50
CHEMBL16308,CHEMBL4633,320.0,nM,IC50
CHEMBL278660,CHEMBL4633,70.0,nM,IC50
CHEMBL278660,CHEMBL4633,361.0,nM,IC50
CHEMBL278660,CHEMBL4633,18.0,nM,IC50
CHEMBL277598,CHEMBL4633,90.0,nM,IC50
CHEMBL277598,CHEMBL4633,354.0,nM,IC50
CHEMBL277598,CHEMBL4633,72.0,nM,IC50
CHEMBL275836,CHEMBL4633,230.0,nM,IC50
CHEMBL16806,CHEMBL4633,58.0,nM,IC50
CHEMBL16806,CHEMBL4633,195.0,nM,IC50
CHEMBL16806,CHEMBL4633,5.0,nM,IC50
CHEMBL16917,CHEMBL4633,195.0,nM,IC50
CHEMBL16792,CHEMBL4633,470.0,nM,IC50
CHEMBL279358,CHEMBL4633,2790.0,nM,IC50
CHEMBL16449,CHEMBL4633,690.0,nM,IC50
CHEMBL16432,CHEMBL4633,130.0,nM,IC50
CHEMBL16432,CHEMBL4633,1099.0,nM,IC50
CHEMBL16432,CHEMBL4633,140.0,nM,IC50
CHEMBL16446,CHEMBL4633,120.0,nM,IC50
CHEMBL16446,CHEMBL4633,200.0,nM,IC50
CHEMBL16848,CHEMBL4633,75.0,nM,IC50
CHEMBL16848,CHEMBL4633,222.0,nM,IC50
CHEMBL277952,CHEMBL4633,420.0,nM,IC50
CHEMBL17027,CHEMBL4633,30000.0,nM,IC50
CHEMBL276543,CHEMBL4633,1045.0,nM,IC50
CHEMBL280102,CHEMBL4633,90.0,nM,IC50
CHEMBL280102,CHEMBL4633,688.0,nM,IC50
CHEMBL278915,CHEMBL4633,30000.0,nM,IC50
CHEMBL16706,CHEMBL4633,470.0,nM,IC50
CHEMBL280052,CHEMBL4633,325.0,nM,IC50
CHEMBL16110,CHEMBL4633,3730.0,nM,IC50
CHEMBL16450,CHEMBL4633,150.0,nM,IC50
CHEMBL16581,CHEMBL4633,90.0,nM,IC50
CHEMBL16581,CHEMBL4633,688.0,nM,IC50
CHEMBL16804,CHEMBL4633,50.0,nM,IC50
CHEMBL16804,CHEMBL4633,273.0,nM,IC50
CHEMBL16804,CHEMBL4633,5.0,nM,IC50
CHEMBL429234,CHEMBL4633,230.0,nM,IC50
CHEMBL441507,CHEMBL4633,7200.0,nM,IC50
CHEMBL16518,CHEMBL4633,30000.0,nM,IC50
CHEMBL16945,CHEMBL4633,150.0,nM,IC50
CHEMBL16945,CHEMBL4633,1255.0,nM,IC50
CHEMBL16945,CHEMBL4633,99.0,nM,IC50
CHEMBL277287,CHEMBL4633,140.0,nM,IC50
CHEMBL277287,CHEMBL4633,320.0,nM,IC50
CHEMBL280079,CHEMBL4633,840.0,nM,IC50
CHEMBL16464,CHEMBL4633,30000.0,nM,IC50
CHEMBL417995,CHEMBL4633,135.0,nM,IC50
CHEMBL417995,CHEMBL4633,1057.0,nM,IC50
CHEMBL277064,CHEMBL4633,100.0,nM,IC50
CHEMBL277064,CHEMBL4633,399.0,nM,IC50
CHEMBL279529,CHEMBL4633,8380.0,nM,IC50
CHEMBL277812,CHEMBL4633,120.0,nM,IC50
CHEMBL277812,CHEMBL4633,519.0,nM,IC50
CHEMBL416538,CHEMBL4633,440.0,nM,IC50
CHEMBL16702,CHEMBL4633,570.0,nM,IC50
CHEMBL16877,CHEMBL4633,150.0,nM,IC50
CHEMBL16877,CHEMBL4633,618.0,nM,IC50
CHEMBL16683,CHEMBL4633,140.0,nM,IC50
CHEMBL16683,CHEMBL4633,430.0,nM,IC50
CHEMBL16683,CHEMBL4633,80.0,nM,IC50
CHEMBL16652,CHEMBL4633,145.0,nM,IC50
CHEMBL16983,CHEMBL4633,120.0,nM,IC50
CHEMBL16983,CHEMBL4633,237.0,nM,IC50
CHEMBL278269,CHEMBL4633,205.0,nM,IC50
CHEMBL16609,CHEMBL4633,140.0,nM,IC50
CHEMBL16609,CHEMBL4633,1000.0,nM,IC50
CHEMBL278945,CHEMBL4633,245.0,nM,IC50
CHEMBL278945,CHEMBL4633,915.0,nM,IC50
CHEMBL16255,CHEMBL4633,150.0,nM,IC50
CHEMBL16255,CHEMBL4633,676.0,nM,IC50
CHEMBL16255,CHEMBL4633,29.0,nM,IC50
CHEMBL16890,CHEMBL4633,580.0,nM,IC50
CHEMBL16311,CHEMBL4633,310.0,nM,IC50
CHEMBL16311,CHEMBL4633,1793.0,nM,IC50
CHEMBL279606,CHEMBL4633,100.0,nM,IC50
CHEMBL279606,CHEMBL4633,79.0,nM,IC50
CHEMBL16381,CHEMBL4633,130.0,nM,IC50
CHEMBL276523,CHEMBL4633,600.0,nM,IC50
CHEMBL16746,CHEMBL4633,1700.0,nM,IC50
CHEMBL16844,CHEMBL4633,145.0,nM,IC50
CHEMBL16844,CHEMBL4633,659.0,nM,IC50
CHEMBL16512,CHEMBL4633,30000.0,nM,IC50
CHEMBL16468,CHEMBL4633,75.0,nM,IC50
CHEMBL16468,CHEMBL4633,154.0,nM,IC50
CHEMBL422393,CHEMBL4633,30000.0,nM,IC50
CHEMBL279337,CHEMBL4633,30000.0,nM,IC50
CHEMBL276059,CHEMBL4633,130.0,nM,IC50
CHEMBL276059,CHEMBL4633,609.0,nM,IC50
CHEMBL275152,CHEMBL4633,45.0,nM,IC50
CHEMBL274017,CHEMBL4633,780.0,nM,IC50
CHEMBL16882,CHEMBL4633,95.0,nM,IC50
CHEMBL273351,CHEMBL4633,140.0,nM,IC50
CHEMBL278734,CHEMBL4633,242.0,nM,IC50
CHEMBL278734,CHEMBL4633,539.0,nM,IC50
CHEMBL278501,CHEMBL4633,10000.0,nM,IC50
CHEMBL265334,CHEMBL4633,30000.0,nM,IC50
CHEMBL16766,CHEMBL4633,130.0,nM,IC50
CHEMBL16766,CHEMBL4633,892.0,nM,IC50
CHEMBL16961,CHEMBL4633,120.0,nM,IC50
CHEMBL276591,CHEMBL4633,535.0,nM,IC50
CHEMBL278213,CHEMBL4633,200.0,nM,IC50
CHEMBL278213,CHEMBL4633,1200.0,nM,IC50
CHEMBL16428,CHEMBL4633,30000.0,nM,IC50
CHEMBL16287,CHEMBL4633,1560.0,nM,IC50
CHEMBL16780,CHEMBL4633,210.0,nM,IC50
CHEMBL9653,CHEMBL4633,200.0,nM,IC50
CHEMBL148159,CHEMBL4633,2300.0,nM,IC50
CHEMBL317791,CHEMBL4633,500.0,nM,IC50
CHEMBL362198,CHEMBL4633,100.0,nM,IC50
CHEMBL362198,CHEMBL4633,184.0,nM,IC50
CHEMBL434526,CHEMBL4633,10.0,nM,IC50
CHEMBL362199,CHEMBL4633,35.0,nM,IC50
CHEMBL360583,CHEMBL4633,5600.0,nM,IC50
CHEMBL361188,CHEMBL4633,1814.0,nM,IC50
CHEMBL362068,CHEMBL4633,143.0,nM,IC50
CHEMBL368019,CHEMBL4633,664.0,nM,IC50
CHEMBL368429,CHEMBL4633,21.0,nM,IC50
CHEMBL369340,CHEMBL4633,2000.0,nM,IC50
CHEMBL366929,CHEMBL4633,380.0,nM,IC50
CHEMBL362445,CHEMBL4633,26.0,nM,IC50
CHEMBL362445,CHEMBL4633,460.0,nM,IC50
CHEMBL362446,CHEMBL4633,150.0,nM,IC50
CHEMBL359622,CHEMBL4633,270.0,nM,IC50
CHEMBL368907,CHEMBL4633,74.0,nM,IC50
CHEMBL368907,CHEMBL4633,245.0,nM,IC50
CHEMBL178867,CHEMBL4633,87.0,nM,IC50
CHEMBL178867,CHEMBL4633,1840.0,nM,IC50
CHEMBL359497,CHEMBL4633,41.0,nM,IC50
CHEMBL359497,CHEMBL4633,194.0,nM,IC50
CHEMBL361777,CHEMBL4633,26.0,nM,IC50
CHEMBL361777,CHEMBL4633,428.0,nM,IC50
CHEMBL425156,CHEMBL4633,31.0,nM,IC50
CHEMBL435093,CHEMBL4633,14.0,nM,IC50
CHEMBL435093,CHEMBL4633,142.0,nM,IC50
CHEMBL425865,CHEMBL4633,34.0,nM,IC50
CHEMBL425865,CHEMBL4633,80.0,nM,IC50
CHEMBL367603,CHEMBL4633,24.0,nM,IC50
CHEMBL367603,CHEMBL4633,1314.0,nM,IC50
CHEMBL361828,CHEMBL4633,130.0,nM,IC50
CHEMBL362467,CHEMBL4633,200.0,nM,IC50
CHEMBL180972,CHEMBL4633,19.0,nM,IC50
CHEMBL180972,CHEMBL4633,131.0,nM,IC50
CHEMBL182080,CHEMBL4633,120.0,nM,IC50
CHEMBL182080,CHEMBL4633,613.0,nM,IC50
CHEMBL180665,CHEMBL4633,12.0,nM,IC50
CHEMBL180665,CHEMBL4633,102.0,nM,IC50
CHEMBL178086,CHEMBL4633,19.0,nM,IC50
CHEMBL178086,CHEMBL4633,184.0,nM,IC50
CHEMBL361810,CHEMBL4633,44.0,nM,IC50
CHEMBL361810,CHEMBL4633,25.5,nM,IC50
CHEMBL178146,CHEMBL4633,11.0,nM,IC50
CHEMBL178146,CHEMBL4633,51.1,nM,IC50
CHEMBL362608,CHEMBL4633,14.0,nM,IC50
CHEMBL362608,CHEMBL4633,14.7,nM,IC50
CHEMBL360276,CHEMBL4633,17.0,nM,IC50
CHEMBL360276,CHEMBL4633,31.7,nM,IC50
CHEMBL368435,CHEMBL4633,145.0,nM,IC50
CHEMBL368435,CHEMBL4633,259.0,nM,IC50
CHEMBL368210,CHEMBL4633,352.0,nM,IC50
CHEMBL176278,CHEMBL4633,19.0,nM,IC50
CHEMBL176278,CHEMBL4633,25.6,nM,IC50
CHEMBL435336,CHEMBL4633,28.0,nM,IC50
CHEMBL435336,CHEMBL4633,36.8,nM,IC50
CHEMBL366546,CHEMBL4633,37.0,nM,IC50
CHEMBL366546,CHEMBL4633,12.3,nM,IC50
CHEMBL359659,CHEMBL4633,28.0,nM,IC50
CHEMBL359659,CHEMBL4633,29.2,nM,IC50
CHEMBL362825,CHEMBL4633,12.0,nM,IC50
CHEMBL360060,CHEMBL4633,21.0,nM,IC50
CHEMBL360060,CHEMBL4633,32.9,nM,IC50
CHEMBL360061,CHEMBL4633,48.0,nM,IC50
CHEMBL497084,CHEMBL4633,5000.0,nM,IC50
CHEMBL497085,CHEMBL4633,7400.0,nM,IC50
CHEMBL522412,CHEMBL4633,1900.0,nM,IC50
CHEMBL502831,CHEMBL4633,4200.0,nM,IC50
CHEMBL500166,CHEMBL4633,1400.0,nM,IC50
CHEMBL498728,CHEMBL4633,1500.0,nM,IC50
CHEMBL496692,CHEMBL4633,710.0,nM,IC50
CHEMBL498086,CHEMBL4633,5800.0,nM,IC50
CHEMBL498087,CHEMBL4633,10000.0,nM,IC50
CHEMBL522750,CHEMBL4633,6100.0,nM,IC50
CHEMBL496892,CHEMBL4633,3600.0,nM,IC50
CHEMBL497249,CHEMBL4633,13000.0,nM,IC50
CHEMBL522408,CHEMBL4633,4000.0,nM,IC50
CHEMBL497250,CHEMBL4633,3400.0,nM,IC50
CHEMBL444449,CHEMBL4633,10.0,nM,IC50
CHEMBL498270,CHEMBL4633,5000.0,nM,IC50
CHEMBL104,CHEMBL4633,6000.0,nM,IC50
CHEMBL525412,CHEMBL4633,1000.0,nM,IC50
CHEMBL524847,CHEMBL4633,1500.0,nM,IC50
CHEMBL498727,CHEMBL4633,3000.0,nM,IC50
CHEMBL520173,CHEMBL4633,2000.0,nM,IC50
CHEMBL515037,CHEMBL4633,3700.0,nM,IC50
CHEMBL460814,CHEMBL4633,2500.0,nM,IC50
CHEMBL516634,CHEMBL4633,1200.0,nM,IC50
CHEMBL516932,CHEMBL4633,3900.0,nM,IC50
CHEMBL24171,CHEMBL4633,101000.0,nM,IC50
CHEMBL444449,CHEMBL4633,2.0,nM,IC50
CHEMBL562547,CHEMBL4633,20000.0,nM,IC50
CHEMBL539158,CHEMBL4633,15000.0,nM,IC50
CHEMBL564031,CHEMBL4633,10000.0,nM,IC50
CHEMBL549464,CHEMBL4633,520.0,nM,IC50
CHEMBL552151,CHEMBL4633,670.0,nM,IC50
CHEMBL559624,CHEMBL4633,890.0,nM,IC50
CHEMBL540760,CHEMBL4633,1000.0,nM,IC50
CHEMBL550822,CHEMBL4633,450.0,nM,IC50
CHEMBL550823,CHEMBL4633,12000.0,nM,IC50
CHEMBL549316,CHEMBL4633,7000.0,nM,IC50
CHEMBL562876,CHEMBL4633,165.0,nM,IC50
CHEMBL549528,CHEMBL4633,150.0,nM,IC50
CHEMBL559066,CHEMBL4633,200.0,nM,IC50
CHEMBL549529,CHEMBL4633,233.0,nM,IC50
CHEMBL562998,CHEMBL4633,1500.0,nM,IC50
CHEMBL551028,CHEMBL4633,1000.0,nM,IC50
CHEMBL540174,CHEMBL4633,150.0,nM,IC50
CHEMBL559956,CHEMBL4633,650.0,nM,IC50
CHEMBL554144,CHEMBL4633,170.0,nM,IC50
CHEMBL559267,CHEMBL4633,5000.0,nM,IC50
CHEMBL559268,CHEMBL4633,6000.0,nM,IC50
CHEMBL550276,CHEMBL4633,318.0,nM,IC50
CHEMBL556250,CHEMBL4633,1000.0,nM,IC50
CHEMBL541518,CHEMBL4633,1000.0,nM,IC50
CHEMBL540249,CHEMBL4633,17.0,nM,IC50
CHEMBL559523,CHEMBL4633,,,IC50
CHEMBL549317,CHEMBL4633,,,IC50
CHEMBL569185,CHEMBL4633,1410.0,nM,IC50
CHEMBL1289633,CHEMBL4633,310.0,nM,IC50
CHEMBL1287826,CHEMBL4633,670.0,nM,IC50
CHEMBL1289740,CHEMBL4633,850.0,nM,IC50
CHEMBL1289526,CHEMBL4633,1550.0,nM,IC50
CHEMBL1290393,CHEMBL4633,930.0,nM,IC50
CHEMBL1289065,CHEMBL4633,1030.0,nM,IC50
CHEMBL1289847,CHEMBL4633,910.0,nM,IC50
CHEMBL378104,CHEMBL4633,740.0,nM,IC50
CHEMBL1290277,CHEMBL4633,2670.0,nM,IC50
CHEMBL1289634,CHEMBL4633,730.0,nM,IC50
CHEMBL1290616,CHEMBL4633,9790.0,nM,IC50
CHEMBL1289965,CHEMBL4633,3490.0,nM,IC50
CHEMBL1290614,CHEMBL4633,16300.0,nM,IC50
CHEMBL1290394,CHEMBL4633,4700.0,nM,IC50
CHEMBL1290506,CHEMBL4633,6750.0,nM,IC50
CHEMBL1289296,CHEMBL4633,7200.0,nM,IC50
CHEMBL1289739,CHEMBL4633,11200.0,nM,IC50
CHEMBL1289964,CHEMBL4633,17500.0,nM,IC50
CHEMBL1289184,CHEMBL4633,16400.0,nM,IC50
CHEMBL1289295,CHEMBL4633,370.0,nM,IC50
CHEMBL1289183,CHEMBL4633,550.0,nM,IC50
CHEMBL1289411,CHEMBL4633,550.0,nM,IC50
CHEMBL1289846,CHEMBL4633,630.0,nM,IC50
CHEMBL1289182,CHEMBL4633,700.0,nM,IC50
CHEMBL1290734,CHEMBL4633,820.0,nM,IC50
CHEMBL1289412,CHEMBL4633,880.0,nM,IC50
CHEMBL1290167,CHEMBL4633,1050.0,nM,IC50
CHEMBL1290168,CHEMBL4633,1300.0,nM,IC50
CHEMBL1289066,CHEMBL4633,2350.0,nM,IC50
CHEMBL1289527,CHEMBL4633,2750.0,nM,IC50
CHEMBL1289067,CHEMBL4633,2950.0,nM,IC50
CHEMBL1289185,CHEMBL4633,5160.0,nM,IC50
CHEMBL1290505,CHEMBL4633,14700.0,nM,IC50
CHEMBL1290061,CHEMBL4633,15500.0,nM,IC50
CHEMBL1290615,CHEMBL4633,31600.0,nM,IC50
CHEMBL1290736,CHEMBL4633,15800.0,nM,IC50
CHEMBL1290062,CHEMBL4633,50000.0,nM,IC50
CHEMBL1289064,CHEMBL4633,50000.0,nM,IC50
CHEMBL1290278,CHEMBL4633,50000.0,nM,IC50
CHEMBL1290617,CHEMBL4633,50000.0,nM,IC50
CHEMBL1290735,CHEMBL4633,50000.0,nM,IC50
CHEMBL1289297,CHEMBL4633,50000.0,nM,IC50
CHEMBL1289848,CHEMBL4633,500.0,nM,IC50
CHEMBL1289636,CHEMBL4633,1080.0,nM,IC50
CHEMBL1289637,CHEMBL4633,1390.0,nM,IC50
CHEMBL378104,CHEMBL4633,2.0,nM,IC50
CHEMBL1289529,CHEMBL4633,2390.0,nM,IC50
CHEMBL1289635,CHEMBL4633,2430.0,nM,IC50
CHEMBL1289413,CHEMBL4633,2660.0,nM,IC50
CHEMBL1289741,CHEMBL4633,2870.0,nM,IC50
CHEMBL1289528,CHEMBL4633,3590.0,nM,IC50
CHEMBL1290733,CHEMBL4633,4810.0,nM,IC50
CHEMBL1289414,CHEMBL4633,5010.0,nM,IC50
CHEMBL1289415,CHEMBL4633,15300.0,nM,IC50
CHEMBL1289966,CHEMBL4633,37400.0,nM,IC50
CHEMBL1289967,CHEMBL4633,50000.0,nM,IC50
CHEMBL1256851,CHEMBL4633,724.0,nM,IC50
CHEMBL1289742,CHEMBL4633,50000.0,nM,IC50
CHEMBL1289849,CHEMBL4633,50000.0,nM,IC50
CHEMBL1289186,CHEMBL4633,80.0,nM,IC50
CHEMBL1289530,CHEMBL4633,90.0,nM,IC50
CHEMBL1289416,CHEMBL4633,140.0,nM,IC50
CHEMBL1290737,CHEMBL4633,150.0,nM,IC50
CHEMBL1290510,CHEMBL4633,150.0,nM,IC50
CHEMBL1290169,CHEMBL4633,160.0,nM,IC50
CHEMBL1289417,CHEMBL4633,200.0,nM,IC50
CHEMBL1290509,CHEMBL4633,200.0,nM,IC50
CHEMBL1289300,CHEMBL4633,200.0,nM,IC50
CHEMBL1289188,CHEMBL4633,230.0,nM,IC50
CHEMBL1289419,CHEMBL4633,250.0,nM,IC50
CHEMBL1289068,CHEMBL4633,280.0,nM,IC50
CHEMBL1290618,CHEMBL4633,300.0,nM,IC50
CHEMBL1289301,CHEMBL4633,320.0,nM,IC50
CHEMBL1289969,CHEMBL4633,330.0,nM,IC50
CHEMBL1290280,CHEMBL4633,340.0,nM,IC50
CHEMBL1289299,CHEMBL4633,350.0,nM,IC50
CHEMBL1289639,CHEMBL4633,350.0,nM,IC50
CHEMBL1289744,CHEMBL4633,360.0,nM,IC50
CHEMBL1289743,CHEMBL4633,390.0,nM,IC50
CHEMBL1290170,CHEMBL4633,440.0,nM,IC50
CHEMBL1289531,CHEMBL4633,470.0,nM,IC50
CHEMBL1290279,CHEMBL4633,470.0,nM,IC50
CHEMBL1289298,CHEMBL4633,530.0,nM,IC50
CHEMBL1290508,CHEMBL4633,530.0,nM,IC50
CHEMBL1290621,CHEMBL4633,540.0,nM,IC50
CHEMBL1289183,CHEMBL4633,550.0,nM,IC50
CHEMBL1289070,CHEMBL4633,550.0,nM,IC50
CHEMBL1290395,CHEMBL4633,560.0,nM,IC50
CHEMBL1289850,CHEMBL4633,640.0,nM,IC50
CHEMBL1290396,CHEMBL4633,700.0,nM,IC50
CHEMBL1290507,CHEMBL4633,700.0,nM,IC50
CHEMBL444449,CHEMBL4633,740.0,nM,IC50
CHEMBL1290739,CHEMBL4633,750.0,nM,IC50
CHEMBL1289069,CHEMBL4633,820.0,nM,IC50
CHEMBL1289968,CHEMBL4633,840.0,nM,IC50
CHEMBL1290063,CHEMBL4633,1070.0,nM,IC50
CHEMBL1289071,CHEMBL4633,1150.0,nM,IC50
CHEMBL1290619,CHEMBL4633,1180.0,nM,IC50
CHEMBL1290398,CHEMBL4633,1260.0,nM,IC50
CHEMBL1289851,CHEMBL4633,1350.0,nM,IC50
CHEMBL1289638,CHEMBL4633,1510.0,nM,IC50
CHEMBL1290064,CHEMBL4633,2560.0,nM,IC50
CHEMBL1290738,CHEMBL4633,3080.0,nM,IC50
CHEMBL1290172,CHEMBL4633,3400.0,nM,IC50
CHEMBL1290171,CHEMBL4633,5900.0,nM,IC50
CHEMBL1289418,CHEMBL4633,10100.0,nM,IC50
CHEMBL1290282,CHEMBL4633,12000.0,nM,IC50
CHEMBL1290740,CHEMBL4633,13100.0,nM,IC50
CHEMBL1289187,CHEMBL4633,50000.0,nM,IC50
CHEMBL1290281,CHEMBL4633,50000.0,nM,IC50
CHEMBL1290397,CHEMBL4633,50000.0,nM,IC50
CHEMBL1290620,CHEMBL4633,50000.0,nM,IC50
CHEMBL1289189,CHEMBL4633,50000.0,nM,IC50
CHEMBL444449,CHEMBL4633,2.0,nM,IC50
CHEMBL6966,CHEMBL4633,8000.0,nM,IC50
CHEMBL9653,CHEMBL4633,200.0,nM,IC50
CHEMBL2205337,CHEMBL4633,25000.0,nM,IC50
CHEMBL2205336,CHEMBL4633,100000.0,nM,IC50
CHEMBL2205335,CHEMBL4633,100000.0,nM,IC50
CHEMBL2205334,CHEMBL4633,5800.0,nM,IC50
CHEMBL2205333,CHEMBL4633,100000.0,nM,IC50
CHEMBL2205332,CHEMBL4633,75000.0,nM,IC50
CHEMBL2205331,CHEMBL4633,100000.0,nM,IC50
CHEMBL2205330,CHEMBL4633,750.0,nM,IC50
CHEMBL2205329,CHEMBL4633,1700.0,nM,IC50
CHEMBL2205328,CHEMBL4633,4200.0,nM,IC50
CHEMBL2205327,CHEMBL4633,1270.0,nM,IC50
CHEMBL2205326,CHEMBL4633,1860.0,nM,IC50
CHEMBL2205325,CHEMBL4633,800.0,nM,IC50
CHEMBL2205324,CHEMBL4633,20500.0,nM,IC50
CHEMBL2205323,CHEMBL4633,900.0,nM,IC50
CHEMBL2205322,CHEMBL4633,230000.0,nM,IC50
CHEMBL2205321,CHEMBL4633,2610.0,nM,IC50
CHEMBL2205320,CHEMBL4633,2520.0,nM,IC50
CHEMBL1201294,CHEMBL4633,5000.0,nM,IC50
CHEMBL3609074,CHEMBL4633,0.19,nM,IC50
CHEMBL3609073,CHEMBL4633,0.352,nM,IC50
CHEMBL3609072,CHEMBL4633,0.294,nM,IC50
CHEMBL3609071,CHEMBL4633,0.073,nM,IC50
CHEMBL3609070,CHEMBL4633,0.154,nM,IC50
CHEMBL3609069,CHEMBL4633,0.133,nM,IC50
CHEMBL3609068,CHEMBL4633,0.184,nM,IC50
CHEMBL3609067,CHEMBL4633,0.083,nM,IC50
CHEMBL3609066,CHEMBL4633,0.561,nM,IC50
CHEMBL3609065,CHEMBL4633,0.129,nM,IC50
CHEMBL3609064,CHEMBL4633,3.333,nM,IC50
CHEMBL3609063,CHEMBL4633,0.153,nM,IC50
CHEMBL3609054,CHEMBL4633,0.146,nM,IC50
CHEMBL3609062,CHEMBL4633,0.154,nM,IC50
CHEMBL3609061,CHEMBL4633,0.191,nM,IC50
CHEMBL3609060,CHEMBL4633,0.221,nM,IC50
CHEMBL3609059,CHEMBL4633,3.333,nM,IC50
CHEMBL3609058,CHEMBL4633,0.038,nM,IC50
CHEMBL3609057,CHEMBL4633,3.333,nM,IC50
CHEMBL3609056,CHEMBL4633,0.278,nM,IC50
CHEMBL3609055,CHEMBL4633,0.107,nM,IC50
CHEMBL3609053,CHEMBL4633,3.333,nM,IC50
CHEMBL3609052,CHEMBL4633,3.333,nM,IC50
CHEMBL3609051,CHEMBL4633,0.259,nM,IC50
CHEMBL3609050,CHEMBL4633,3.333,nM,IC50
CHEMBL3609049,CHEMBL4633,0.095,nM,IC50
CHEMBL3609048,CHEMBL4633,0.104,nM,IC50
CHEMBL3609047,CHEMBL4633,0.166,nM,IC50
CHEMBL3609046,CHEMBL4633,0.088,nM,IC50
CHEMBL3609045,CHEMBL4633,0.079,nM,IC50
CHEMBL3609044,CHEMBL4633,0.152,nM,IC50
CHEMBL3609043,CHEMBL4633,0.073,nM,IC50
CHEMBL3609042,CHEMBL4633,0.096,nM,IC50
CHEMBL3609041,CHEMBL4633,0.447,nM,IC50
CHEMBL3608317,CHEMBL4633,0.303,nM,IC50
CHEMBL3609040,CHEMBL4633,0.179,nM,IC50
CHEMBL3609039,CHEMBL4633,3.333,nM,IC50
CHEMBL3609038,CHEMBL4633,0.11,nM,IC50
CHEMBL3609037,CHEMBL4633,0.074,nM,IC50
CHEMBL3609036,CHEMBL4633,0.067,nM,IC50
CHEMBL3609035,CHEMBL4633,0.06,nM,IC50
CHEMBL3609034,CHEMBL4633,0.234,nM,IC50
CHEMBL3609033,CHEMBL4633,0.278,nM,IC50
CHEMBL3609032,CHEMBL4633,0.143,nM,IC50
CHEMBL3609031,CHEMBL4633,3.333,nM,IC50
CHEMBL3609030,CHEMBL4633,0.32,nM,IC50
CHEMBL3609029,CHEMBL4633,0.245,nM,IC50
CHEMBL3609028,CHEMBL4633,0.26,nM,IC50
CHEMBL3609027,CHEMBL4633,3.333,nM,IC50
CHEMBL3609026,CHEMBL4633,3.333,nM,IC50
CHEMBL3609025,CHEMBL4633,3.333,nM,IC50
CHEMBL3609024,CHEMBL4633,3.333,nM,IC50
CHEMBL3609023,CHEMBL4633,0.256,nM,IC50
CHEMBL3609276,CHEMBL4633,0.12,nM,IC50
CHEMBL3609275,CHEMBL4633,0.197,nM,IC50
CHEMBL3609277,CHEMBL4633,0.267,nM,IC50
CHEMBL3609022,CHEMBL4633,0.11,nM,IC50
CHEMBL3609274,CHEMBL4633,0.152,nM,IC50
CHEMBL3609273,CHEMBL4633,0.983,nM,IC50
CHEMBL3609272,CHEMBL4633,0.133,nM,IC50
CHEMBL3609271,CHEMBL4633,0.146,nM,IC50
CHEMBL3609270,CHEMBL4633,0.097,nM,IC50
CHEMBL3609269,CHEMBL4633,1.308,nM,IC50
CHEMBL3609268,CHEMBL4633,0.171,nM,IC50
CHEMBL3609267,CHEMBL4633,3.333,nM,IC50
CHEMBL3609266,CHEMBL4633,0.075,nM,IC50
CHEMBL3609265,CHEMBL4633,0.095,nM,IC50
CHEMBL3609264,CHEMBL4633,0.151,nM,IC50
CHEMBL3609263,CHEMBL4633,0.077,nM,IC50
CHEMBL3609262,CHEMBL4633,0.182,nM,IC50
CHEMBL3609261,CHEMBL4633,0.126,nM,IC50
CHEMBL3609260,CHEMBL4633,0.161,nM,IC50
CHEMBL3609259,CHEMBL4633,3.333,nM,IC50
CHEMBL3609258,CHEMBL4633,0.223,nM,IC50
CHEMBL3609257,CHEMBL4633,0.207,nM,IC50
CHEMBL3609256,CHEMBL4633,0.103,nM,IC50
CHEMBL3609255,CHEMBL4633,3.333,nM,IC50
CHEMBL3609254,CHEMBL4633,3.333,nM,IC50
CHEMBL3609253,CHEMBL4633,0.853,nM,IC50
CHEMBL3609252,CHEMBL4633,3.333,nM,IC50
CHEMBL3609251,CHEMBL4633,0.28,nM,IC50
CHEMBL3608991,CHEMBL4633,0.475,nM,IC50
CHEMBL3609250,CHEMBL4633,1.444,nM,IC50
CHEMBL3609249,CHEMBL4633,0.073,nM,IC50
CHEMBL3609248,CHEMBL4633,0.039,nM,IC50
CHEMBL3609247,CHEMBL4633,0.235,nM,IC50
CHEMBL3609246,CHEMBL4633,0.927,nM,IC50
CHEMBL3609245,CHEMBL4633,0.216,nM,IC50
CHEMBL3609244,CHEMBL4633,0.472,nM,IC50
CHEMBL3609243,CHEMBL4633,3.333,nM,IC50
CHEMBL3609242,CHEMBL4633,0.153,nM,IC50
CHEMBL3609241,CHEMBL4633,3.333,nM,IC50
CHEMBL3609240,CHEMBL4633,0.154,nM,IC50
CHEMBL3609239,CHEMBL4633,0.257,nM,IC50
CHEMBL3608318,CHEMBL4633,0.223,nM,IC50
CHEMBL3609238,CHEMBL4633,0.133,nM,IC50
CHEMBL3609237,CHEMBL4633,0.075,nM,IC50
CHEMBL3609236,CHEMBL4633,0.039,nM,IC50
CHEMBL3609235,CHEMBL4633,0.173,nM,IC50
CHEMBL3609234,CHEMBL4633,0.07,nM,IC50
CHEMBL3609233,CHEMBL4633,0.275,nM,IC50
CHEMBL3609232,CHEMBL4633,0.135,nM,IC50
CHEMBL3609231,CHEMBL4633,0.115,nM,IC50
CHEMBL3609230,CHEMBL4633,0.062,nM,IC50
CHEMBL3609229,CHEMBL4633,0.261,nM,IC50
CHEMBL3609228,CHEMBL4633,0.456,nM,IC50
CHEMBL3609227,CHEMBL4633,0.227,nM,IC50
CHEMBL3609226,CHEMBL4633,0.195,nM,IC50
CHEMBL3609225,CHEMBL4633,0.24,nM,IC50
CHEMBL3609224,CHEMBL4633,0.163,nM,IC50
CHEMBL3609223,CHEMBL4633,0.196,nM,IC50
CHEMBL3609222,CHEMBL4633,0.085,nM,IC50
CHEMBL3609221,CHEMBL4633,0.156,nM,IC50
CHEMBL3609220,CHEMBL4633,0.431,nM,IC50
CHEMBL3608999,CHEMBL4633,0.159,nM,IC50
CHEMBL3608998,CHEMBL4633,0.119,nM,IC50
CHEMBL3608997,CHEMBL4633,0.079,nM,IC50
CHEMBL3608996,CHEMBL4633,0.201,nM,IC50
CHEMBL3608995,CHEMBL4633,0.226,nM,IC50
CHEMBL3608994,CHEMBL4633,0.179,nM,IC50
CHEMBL3608993,CHEMBL4633,0.156,nM,IC50
CHEMBL3608992,CHEMBL4633,0.166,nM,IC50
CHEMBL3609075,CHEMBL4633,0.193,nM,IC50
CHEMBL3609076,CHEMBL4633,0.798,nM,IC50
CHEMBL3609077,CHEMBL4633,0.067,nM,IC50
CHEMBL3609078,CHEMBL4633,0.1,nM,IC50
CHEMBL3609079,CHEMBL4633,0.122,nM,IC50
CHEMBL3609080,CHEMBL4633,0.985,nM,IC50
CHEMBL3609081,CHEMBL4633,0.293,nM,IC50
CHEMBL3609082,CHEMBL4633,1.417,nM,IC50
CHEMBL3609083,CHEMBL4633,0.122,nM,IC50
CHEMBL3609084,CHEMBL4633,0.153,nM,IC50
CHEMBL3609085,CHEMBL4633,0.14,nM,IC50
CHEMBL3609086,CHEMBL4633,0.082,nM,IC50
CHEMBL3609087,CHEMBL4633,0.174,nM,IC50
CHEMBL3609088,CHEMBL4633,0.06,nM,IC50
CHEMBL3609089,CHEMBL4633,0.04,nM,IC50
CHEMBL3609090,CHEMBL4633,0.13,nM,IC50
CHEMBL3609091,CHEMBL4633,0.153,nM,IC50
CHEMBL3609092,CHEMBL4633,0.071,nM,IC50
CHEMBL3609093,CHEMBL4633,0.132,nM,IC50
CHEMBL3608992,CHEMBL4633,0.061,nM,IC50
CHEMBL3608993,CHEMBL4633,0.042,nM,IC50
CHEMBL3608994,CHEMBL4633,0.023,nM,IC50
CHEMBL3608995,CHEMBL4633,0.056,nM,IC50
CHEMBL3608996,CHEMBL4633,0.748,nM,IC50
CHEMBL3608997,CHEMBL4633,0.034,nM,IC50
CHEMBL3608998,CHEMBL4633,0.045,nM,IC50
CHEMBL3608999,CHEMBL4633,0.822,nM,IC50
CHEMBL3609220,CHEMBL4633,0.881,nM,IC50
CHEMBL3609221,CHEMBL4633,0.391,nM,IC50
CHEMBL3609222,CHEMBL4633,0.041,nM,IC50
CHEMBL3609223,CHEMBL4633,0.054,nM,IC50
CHEMBL3609224,CHEMBL4633,0.032,nM,IC50
CHEMBL3609225,CHEMBL4633,0.301,nM,IC50
CHEMBL3609226,CHEMBL4633,0.251,nM,IC50
CHEMBL3609227,CHEMBL4633,0.327,nM,IC50
CHEMBL3609228,CHEMBL4633,1.94,nM,IC50
CHEMBL3609229,CHEMBL4633,3.09,nM,IC50
CHEMBL3609230,CHEMBL4633,0.045,nM,IC50
CHEMBL3609231,CHEMBL4633,0.199,nM,IC50
CHEMBL3609232,CHEMBL4633,0.065,nM,IC50
CHEMBL3609233,CHEMBL4633,1.5,nM,IC50
CHEMBL3609234,CHEMBL4633,2.88,nM,IC50
CHEMBL3609235,CHEMBL4633,0.186,nM,IC50
CHEMBL3609236,CHEMBL4633,0.055,nM,IC50
CHEMBL3609237,CHEMBL4633,0.059,nM,IC50
CHEMBL3609238,CHEMBL4633,0.053,nM,IC50
CHEMBL3608318,CHEMBL4633,0.222,nM,IC50
CHEMBL3609239,CHEMBL4633,0.223,nM,IC50
CHEMBL3609240,CHEMBL4633,0.274,nM,IC50
CHEMBL3609241,CHEMBL4633,70.4,nM,IC50
CHEMBL3609242,CHEMBL4633,0.86,nM,IC50
CHEMBL3609243,CHEMBL4633,11.6,nM,IC50
CHEMBL3609244,CHEMBL4633,0.368,nM,IC50
CHEMBL3609245,CHEMBL4633,0.205,nM,IC50
CHEMBL3609246,CHEMBL4633,1.14,nM,IC50
CHEMBL3609247,CHEMBL4633,3.56,nM,IC50
CHEMBL3609248,CHEMBL4633,0.089,nM,IC50
CHEMBL3609249,CHEMBL4633,0.184,nM,IC50
CHEMBL3609250,CHEMBL4633,28.9,nM,IC50
CHEMBL3608991,CHEMBL4633,0.419,nM,IC50
CHEMBL3609251,CHEMBL4633,0.153,nM,IC50
CHEMBL3609252,CHEMBL4633,100.0,nM,IC50
CHEMBL3609253,CHEMBL4633,6.59,nM,IC50
CHEMBL3609254,CHEMBL4633,100.0,nM,IC50
CHEMBL3609255,CHEMBL4633,5.97,nM,IC50
CHEMBL3609256,CHEMBL4633,0.061,nM,IC50
CHEMBL3609257,CHEMBL4633,0.357,nM,IC50
CHEMBL3609258,CHEMBL4633,1.07,nM,IC50
CHEMBL3609259,CHEMBL4633,4.72,nM,IC50
CHEMBL3609260,CHEMBL4633,0.082,nM,IC50
CHEMBL3609261,CHEMBL4633,0.032,nM,IC50
CHEMBL3609262,CHEMBL4633,0.439,nM,IC50
CHEMBL3609263,CHEMBL4633,0.018,nM,IC50
CHEMBL3609264,CHEMBL4633,0.214,nM,IC50
CHEMBL3609265,CHEMBL4633,0.029,nM,IC50
CHEMBL3609266,CHEMBL4633,0.031,nM,IC50
CHEMBL3609267,CHEMBL4633,16.9,nM,IC50
CHEMBL3609268,CHEMBL4633,0.074,nM,IC50
CHEMBL3609269,CHEMBL4633,5.0,nM,IC50
CHEMBL3609270,CHEMBL4633,0.072,nM,IC50
CHEMBL3609271,CHEMBL4633,0.037,nM,IC50
CHEMBL3609272,CHEMBL4633,0.023,nM,IC50
CHEMBL3609273,CHEMBL4633,1.32,nM,IC50
CHEMBL3609274,CHEMBL4633,0.785,nM,IC50
CHEMBL3609022,CHEMBL4633,0.036,nM,IC50
CHEMBL3609277,CHEMBL4633,0.312,nM,IC50
CHEMBL3609275,CHEMBL4633,0.352,nM,IC50
CHEMBL3609276,CHEMBL4633,0.047,nM,IC50
CHEMBL3609023,CHEMBL4633,0.202,nM,IC50
CHEMBL3609024,CHEMBL4633,92.0,nM,IC50
CHEMBL3609025,CHEMBL4633,18.5,nM,IC50
CHEMBL3609026,CHEMBL4633,100.0,nM,IC50
CHEMBL3609027,CHEMBL4633,100.0,nM,IC50
CHEMBL3609028,CHEMBL4633,1.11,nM,IC50
CHEMBL3609029,CHEMBL4633,0.494,nM,IC50
CHEMBL3609030,CHEMBL4633,0.202,nM,IC50
CHEMBL3609031,CHEMBL4633,8.16,nM,IC50
CHEMBL3609032,CHEMBL4633,0.73,nM,IC50
CHEMBL3609033,CHEMBL4633,0.02,nM,IC50
CHEMBL3609034,CHEMBL4633,0.242,nM,IC50
CHEMBL3609035,CHEMBL4633,0.055,nM,IC50
CHEMBL3609036,CHEMBL4633,0.073,nM,IC50
CHEMBL3609037,CHEMBL4633,0.087,nM,IC50
CHEMBL3609038,CHEMBL4633,0.098,nM,IC50
CHEMBL3609039,CHEMBL4633,40.5,nM,IC50
CHEMBL3609040,CHEMBL4633,0.215,nM,IC50
CHEMBL3608317,CHEMBL4633,6.56,nM,IC50
CHEMBL3609041,CHEMBL4633,0.253,nM,IC50
CHEMBL3609042,CHEMBL4633,0.076,nM,IC50
CHEMBL3609043,CHEMBL4633,0.072,nM,IC50
CHEMBL3609044,CHEMBL4633,0.398,nM,IC50
CHEMBL3609045,CHEMBL4633,0.205,nM,IC50
CHEMBL3609046,CHEMBL4633,0.143,nM,IC50
CHEMBL3609047,CHEMBL4633,0.372,nM,IC50
CHEMBL3609048,CHEMBL4633,0.038,nM,IC50
CHEMBL3609049,CHEMBL4633,0.114,nM,IC50
CHEMBL3609050,CHEMBL4633,25.3,nM,IC50
CHEMBL3609051,CHEMBL4633,1.49,nM,IC50
CHEMBL3609052,CHEMBL4633,100.0,nM,IC50
CHEMBL3609053,CHEMBL4633,100.0,nM,IC50
CHEMBL3609055,CHEMBL4633,0.137,nM,IC50
CHEMBL3609056,CHEMBL4633,0.158,nM,IC50
CHEMBL3609057,CHEMBL4633,13.0,nM,IC50
CHEMBL3609058,CHEMBL4633,0.04,nM,IC50
CHEMBL3609059,CHEMBL4633,11.1,nM,IC50
CHEMBL3609060,CHEMBL4633,0.089,nM,IC50
CHEMBL3609061,CHEMBL4633,0.357,nM,IC50
CHEMBL3609062,CHEMBL4633,0.036,nM,IC50
CHEMBL3609054,CHEMBL4633,0.099,nM,IC50
CHEMBL3609063,CHEMBL4633,0.023,nM,IC50
CHEMBL3609064,CHEMBL4633,100.0,nM,IC50
CHEMBL3609065,CHEMBL4633,0.117,nM,IC50
CHEMBL3609066,CHEMBL4633,4.67,nM,IC50
CHEMBL3609067,CHEMBL4633,0.154,nM,IC50
CHEMBL3609068,CHEMBL4633,0.052,nM,IC50
CHEMBL3609069,CHEMBL4633,0.095,nM,IC50
CHEMBL3609070,CHEMBL4633,0.257,nM,IC50
CHEMBL3609071,CHEMBL4633,0.075,nM,IC50
CHEMBL3609072,CHEMBL4633,0.465,nM,IC50
CHEMBL3609073,CHEMBL4633,0.108,nM,IC50
CHEMBL3609074,CHEMBL4633,0.041,nM,IC50
CHEMBL3609075,CHEMBL4633,0.108,nM,IC50
CHEMBL3609076,CHEMBL4633,3.59,nM,IC50
CHEMBL3609077,CHEMBL4633,0.045,nM,IC50
CHEMBL3609078,CHEMBL4633,0.226,nM,IC50
CHEMBL3609079,CHEMBL4633,0.273,nM,IC50
CHEMBL3609080,CHEMBL4633,3.49,nM,IC50
CHEMBL3609081,CHEMBL4633,0.041,nM,IC50
CHEMBL3609082,CHEMBL4633,5.984,nM,IC50
CHEMBL3609083,CHEMBL4633,0.218,nM,IC50
CHEMBL3609084,CHEMBL4633,0.067,nM,IC50
CHEMBL3609085,CHEMBL4633,0.138,nM,IC50
CHEMBL3609086,CHEMBL4633,0.086,nM,IC50
CHEMBL3609087,CHEMBL4633,0.223,nM,IC50
CHEMBL3609088,CHEMBL4633,0.138,nM,IC50
CHEMBL3609089,CHEMBL4633,0.153,nM,IC50
CHEMBL3609090,CHEMBL4633,0.249,nM,IC50
CHEMBL3609091,CHEMBL4633,0.823,nM,IC50
CHEMBL3609092,CHEMBL4633,0.305,nM,IC50
CHEMBL3609093,CHEMBL4633,0.037,nM,IC50
CHEMBL3609094,CHEMBL4633,3.763,nM,IC50
CHEMBL3609095,CHEMBL4633,0.031,nM,IC50
CHEMBL3608992,CHEMBL4633,0.111,nM,IC50
CHEMBL3608993,CHEMBL4633,0.081,nM,IC50
CHEMBL3608994,CHEMBL4633,0.046,nM,IC50
CHEMBL3608995,CHEMBL4633,0.07,nM,IC50
CHEMBL3608996,CHEMBL4633,1.98,nM,IC50
CHEMBL3608997,CHEMBL4633,0.066,nM,IC50
CHEMBL3608998,CHEMBL4633,0.081,nM,IC50
CHEMBL3608999,CHEMBL4633,1.21,nM,IC50
CHEMBL3609220,CHEMBL4633,2.15,nM,IC50
CHEMBL3609221,CHEMBL4633,0.795,nM,IC50
CHEMBL3609222,CHEMBL4633,0.158,nM,IC50
CHEMBL3609223,CHEMBL4633,0.09,nM,IC50
CHEMBL3609224,CHEMBL4633,0.048,nM,IC50
CHEMBL3609225,CHEMBL4633,0.556,nM,IC50
CHEMBL3609226,CHEMBL4633,0.809,nM,IC50
CHEMBL3609227,CHEMBL4633,1.26,nM,IC50
CHEMBL3609228,CHEMBL4633,4.01,nM,IC50
CHEMBL3609229,CHEMBL4633,5.67,nM,IC50
CHEMBL3609230,CHEMBL4633,0.186,nM,IC50
CHEMBL3609231,CHEMBL4633,0.641,nM,IC50
CHEMBL3609232,CHEMBL4633,0.12,nM,IC50
CHEMBL3609233,CHEMBL4633,8.01,nM,IC50
CHEMBL3609234,CHEMBL4633,5.3,nM,IC50
CHEMBL3609235,CHEMBL4633,0.308,nM,IC50
CHEMBL3609236,CHEMBL4633,0.222,nM,IC50
CHEMBL3609237,CHEMBL4633,0.122,nM,IC50
CHEMBL3609238,CHEMBL4633,0.083,nM,IC50
CHEMBL3608318,CHEMBL4633,0.248,nM,IC50
CHEMBL3609239,CHEMBL4633,0.258,nM,IC50
CHEMBL3609240,CHEMBL4633,0.318,nM,IC50
CHEMBL3609241,CHEMBL4633,31.9,nM,IC50
CHEMBL3609242,CHEMBL4633,0.962,nM,IC50
CHEMBL3609243,CHEMBL4633,18.0,nM,IC50
CHEMBL3609244,CHEMBL4633,0.666,nM,IC50
CHEMBL3609245,CHEMBL4633,0.255,nM,IC50
CHEMBL3609246,CHEMBL4633,1.65,nM,IC50
CHEMBL3609247,CHEMBL4633,4.86,nM,IC50
CHEMBL3609248,CHEMBL4633,0.11,nM,IC50
CHEMBL3609249,CHEMBL4633,0.291,nM,IC50
CHEMBL3609250,CHEMBL4633,9.55,nM,IC50
CHEMBL3608991,CHEMBL4633,0.375,nM,IC50
CHEMBL3609251,CHEMBL4633,0.255,nM,IC50
CHEMBL3609252,CHEMBL4633,100.0,nM,IC50
CHEMBL3609253,CHEMBL4633,8.13,nM,IC50
CHEMBL3609254,CHEMBL4633,100.0,nM,IC50
CHEMBL3609255,CHEMBL4633,11.2,nM,IC50
CHEMBL3609256,CHEMBL4633,0.084,nM,IC50
CHEMBL3609257,CHEMBL4633,0.573,nM,IC50
CHEMBL3609258,CHEMBL4633,2.84,nM,IC50
CHEMBL3609259,CHEMBL4633,8.08,nM,IC50
CHEMBL3609260,CHEMBL4633,0.148,nM,IC50
CHEMBL3609261,CHEMBL4633,0.129,nM,IC50
CHEMBL3609262,CHEMBL4633,1.43,nM,IC50
CHEMBL3609263,CHEMBL4633,0.063,nM,IC50
CHEMBL3609264,CHEMBL4633,0.249,nM,IC50
CHEMBL3609265,CHEMBL4633,0.039,nM,IC50
CHEMBL3609266,CHEMBL4633,0.05,nM,IC50
CHEMBL3609267,CHEMBL4633,24.6,nM,IC50
CHEMBL3609268,CHEMBL4633,0.109,nM,IC50
CHEMBL3609269,CHEMBL4633,19.5,nM,IC50
CHEMBL3609270,CHEMBL4633,0.239,nM,IC50
CHEMBL3609271,CHEMBL4633,0.056,nM,IC50
CHEMBL3609272,CHEMBL4633,0.055,nM,IC50
CHEMBL3609273,CHEMBL4633,4.54,nM,IC50
CHEMBL3609274,CHEMBL4633,1.1,nM,IC50
CHEMBL3609022,CHEMBL4633,0.132,nM,IC50
CHEMBL3609277,CHEMBL4633,0.575,nM,IC50
CHEMBL3609275,CHEMBL4633,0.373,nM,IC50
CHEMBL3609276,CHEMBL4633,0.083,nM,IC50
CHEMBL3609023,CHEMBL4633,0.216,nM,IC50
CHEMBL3609024,CHEMBL4633,92.0,nM,IC50
CHEMBL3609025,CHEMBL4633,28.1,nM,IC50
CHEMBL3609026,CHEMBL4633,100.0,nM,IC50
CHEMBL3609027,CHEMBL4633,100.0,nM,IC50
CHEMBL3609028,CHEMBL4633,4.07,nM,IC50
CHEMBL3609029,CHEMBL4633,0.678,nM,IC50
CHEMBL3609030,CHEMBL4633,0.4,nM,IC50
CHEMBL3609031,CHEMBL4633,34.0,nM,IC50
CHEMBL3609032,CHEMBL4633,1.96,nM,IC50
CHEMBL3609033,CHEMBL4633,0.043,nM,IC50
CHEMBL3609034,CHEMBL4633,0.309,nM,IC50
CHEMBL3609035,CHEMBL4633,0.176,nM,IC50
CHEMBL3609036,CHEMBL4633,0.124,nM,IC50
CHEMBL3609037,CHEMBL4633,0.116,nM,IC50
CHEMBL3609038,CHEMBL4633,0.123,nM,IC50
CHEMBL3609039,CHEMBL4633,91.7,nM,IC50
CHEMBL3609040,CHEMBL4633,0.304,nM,IC50
CHEMBL3608317,CHEMBL4633,10.1,nM,IC50
CHEMBL3609041,CHEMBL4633,1.05,nM,IC50
CHEMBL3609042,CHEMBL4633,0.083,nM,IC50
CHEMBL3609043,CHEMBL4633,0.129,nM,IC50
CHEMBL3609044,CHEMBL4633,0.635,nM,IC50
CHEMBL3609045,CHEMBL4633,0.262,nM,IC50
CHEMBL3609046,CHEMBL4633,0.183,nM,IC50
CHEMBL3609047,CHEMBL4633,0.492,nM,IC50
CHEMBL3609048,CHEMBL4633,0.056,nM,IC50
CHEMBL3609049,CHEMBL4633,0.282,nM,IC50
CHEMBL3609050,CHEMBL4633,40.3,nM,IC50
CHEMBL3609051,CHEMBL4633,3.08,nM,IC50
CHEMBL3609052,CHEMBL4633,100.0,nM,IC50
CHEMBL3609053,CHEMBL4633,100.0,nM,IC50
CHEMBL3609055,CHEMBL4633,0.194,nM,IC50
CHEMBL3609056,CHEMBL4633,0.368,nM,IC50
CHEMBL3609057,CHEMBL4633,59.7,nM,IC50
CHEMBL3609058,CHEMBL4633,0.058,nM,IC50
CHEMBL3609059,CHEMBL4633,39.0,nM,IC50
CHEMBL3609060,CHEMBL4633,0.223,nM,IC50
CHEMBL3609061,CHEMBL4633,0.475,nM,IC50
CHEMBL3609062,CHEMBL4633,0.073,nM,IC50
CHEMBL3609054,CHEMBL4633,0.094,nM,IC50
CHEMBL3609063,CHEMBL4633,0.054,nM,IC50
CHEMBL3609064,CHEMBL4633,100.0,nM,IC50
CHEMBL3609065,CHEMBL4633,0.21,nM,IC50
CHEMBL3609066,CHEMBL4633,13.5,nM,IC50
CHEMBL3609067,CHEMBL4633,0.975,nM,IC50
CHEMBL3609068,CHEMBL4633,0.082,nM,IC50
CHEMBL3609069,CHEMBL4633,0.252,nM,IC50
CHEMBL3609070,CHEMBL4633,0.363,nM,IC50
CHEMBL3609071,CHEMBL4633,0.201,nM,IC50
CHEMBL3609072,CHEMBL4633,0.991,nM,IC50
CHEMBL3609073,CHEMBL4633,0.151,nM,IC50
CHEMBL3609074,CHEMBL4633,0.089,nM,IC50
CHEMBL3609075,CHEMBL4633,0.193,nM,IC50
CHEMBL3609076,CHEMBL4633,4.82,nM,IC50
CHEMBL3609077,CHEMBL4633,0.108,nM,IC50
CHEMBL3609078,CHEMBL4633,0.366,nM,IC50
CHEMBL3609079,CHEMBL4633,0.496,nM,IC50
CHEMBL3609080,CHEMBL4633,11.8,nM,IC50
CHEMBL3609081,CHEMBL4633,0.071,nM,IC50
CHEMBL3609082,CHEMBL4633,27.9,nM,IC50
CHEMBL3609083,CHEMBL4633,0.318,nM,IC50
CHEMBL3609084,CHEMBL4633,0.136,nM,IC50
CHEMBL3609085,CHEMBL4633,0.16,nM,IC50
CHEMBL3609086,CHEMBL4633,0.223,nM,IC50
CHEMBL3609087,CHEMBL4633,0.278,nM,IC50
CHEMBL3609088,CHEMBL4633,0.266,nM,IC50
CHEMBL3609089,CHEMBL4633,0.303,nM,IC50
CHEMBL3609090,CHEMBL4633,5.678,nM,IC50
CHEMBL3609091,CHEMBL4633,1.099,nM,IC50
CHEMBL3609092,CHEMBL4633,0.515,nM,IC50
CHEMBL3609093,CHEMBL4633,0.048,nM,IC50
CHEMBL3609094,CHEMBL4633,3.112,nM,IC50
CHEMBL3609095,CHEMBL4633,0.046,nM,IC50
CHEMBL3609073,CHEMBL4633,0.207,nM,IC50
CHEMBL3609093,CHEMBL4633,0.039,nM,IC50
CHEMBL3609095,CHEMBL4633,0.221,nM,IC50
CHEMBL3609093,CHEMBL4633,0.016,nM,IC50
CHEMBL3609094,CHEMBL4633,0.012,nM,IC50
CHEMBL3920884,CHEMBL4633,4.0,nM,IC50
CHEMBL3920884,CHEMBL4633,0.4,nM,IC50
CHEMBL465679,CHEMBL4633,30000.0,nM,IC50
CHEMBL3621636,CHEMBL4633,2500.0,nM,IC50
CHEMBL397591,CHEMBL4633,4700.0,nM,IC50
CHEMBL4213446,CHEMBL4633,25000.0,nM,IC50
CHEMBL4208517,CHEMBL4633,17000.0,nM,IC50
CHEMBL4202870,CHEMBL4633,25000.0,nM,IC50
CHEMBL4207745,CHEMBL4633,1400.0,nM,IC50
CHEMBL3261430,CHEMBL4633,21000.0,nM,IC50
CHEMBL3261431,CHEMBL4633,14000.0,nM,IC50
CHEMBL4210636,CHEMBL4633,9000.0,nM,IC50
CHEMBL4206278,CHEMBL4633,30000.0,nM,IC50
CHEMBL4211159,CHEMBL4633,30000.0,nM,IC50
CHEMBL4203801,CHEMBL4633,30000.0,nM,IC50
CHEMBL4208681,CHEMBL4633,30000.0,nM,IC50
CHEMBL4207090,CHEMBL4633,30000.0,nM,IC50
CHEMBL4218820,CHEMBL4633,30000.0,nM,IC50
CHEMBL4211453,CHEMBL4633,30000.0,nM,IC50
CHEMBL444449,CHEMBL4633,24.0,nM,IC50
CHEMBL4215589,CHEMBL4633,30000.0,nM,IC50
CHEMBL5198171,CHEMBL4633,6500.0,nM,IC50
CHEMBL5191843,CHEMBL4633,900.0,nM,IC50
CHEMBL5206429,CHEMBL4633,900.0,nM,IC50
CHEMBL490,CHEMBL4633,31900.0,nM,IC50
CHEMBL5435234,CHEMBL4633,4300.0,nM,IC50
CHEMBL444449,CHEMBL4633,2.0,nM,IC50
CHEMBL1256851,CHEMBL4633,2.9,nM,IC50
CHEMBL278213,CHEMBL4633,260.0,nM,IC50
CHEMBL16804,CHEMBL4633,50.0,nM,IC50
CHEMBL279606,CHEMBL4633,100.0,nM,IC50
CHEMBL5632517,CHEMBL4633,17400.0,nM,IC50
CHEMBL5633827,CHEMBL4633,470.0,nM,IC50
CHEMBL5633827,CHEMBL4633,950.0,nM,IC50
CHEMBL5631807,CHEMBL4633,250.0,nM,IC50
CHEMBL5634005,CHEMBL4633,470.0,nM,IC50
CHEMBL5632260,CHEMBL4633,180.0,nM,IC50
CHEMBL5633690,CHEMBL4633,850.0,nM,IC50
CHEMBL5632726,CHEMBL4633,1130.0,nM,IC50
CHEMBL5633191,CHEMBL4633,450.0,nM,IC50
CHEMBL5631442,CHEMBL4633,230.0,nM,IC50
CHEMBL5632858,CHEMBL4633,170.0,nM,IC50
CHEMBL5632120,CHEMBL4633,670.0,nM,IC50
CHEMBL5632388,CHEMBL4633,800.0,nM,IC50
CHEMBL5633191,CHEMBL4633,56.83,nM,IC50
CHEMBL5631442,CHEMBL4633,26.12,nM,IC50
CHEMBL5631330,CHEMBL4633,37.21,nM,IC50
CHEMBL444449,CHEMBL4633,2.1,nM,IC50
CHEMBL1256851,CHEMBL4633,3.0,nM,IC50
CHEMBL278213,CHEMBL4633,310.0,nM,IC50
CHEMBL5633827,CHEMBL4633,950.0,nM,IC50
CHEMBL5631442,CHEMBL4633,135.6,nM,IC50
CHEMBL6039110,CHEMBL4633,500.0,nM,IC50
CHEMBL5889778,CHEMBL4633,2250.0,nM,IC50
CHEMBL5982645,CHEMBL4633,2250.0,nM,IC50
CHEMBL5792650,CHEMBL4633,2250.0,nM,IC50
CHEMBL5873111,CHEMBL4633,500.0,nM,IC50
CHEMBL5838337,CHEMBL4633,1000.0,nM,IC50
CHEMBL5858829,CHEMBL4633,500.0,nM,IC50
CHEMBL5804969,CHEMBL4633,500.0,nM,IC50
CHEMBL5871876,CHEMBL4633,500.0,nM,IC50
CHEMBL5839260,CHEMBL4633,500.0,nM,IC50
CHEMBL5977792,CHEMBL4633,500.0,nM,IC50
CHEMBL6019992,CHEMBL4633,2250.0,nM,IC50
CHEMBL6034177,CHEMBL4633,2250.0,nM,IC50
CHEMBL5948660,CHEMBL4633,2250.0,nM,IC50
CHEMBL5754391,CHEMBL4633,2250.0,nM,IC50
CHEMBL5873577,CHEMBL4633,500.0,nM,IC50
CHEMBL5869077,CHEMBL4633,1000.0,nM,IC50
CHEMBL5962980,CHEMBL4633,1000.0,nM,IC50
CHEMBL5851456,CHEMBL4633,1000.0,nM,IC50
CHEMBL5985695,CHEMBL4633,1000.0,nM,IC50
CHEMBL5771030,CHEMBL4633,1000.0,nM,IC50
CHEMBL5918318,CHEMBL4633,1000.0,nM,IC50
CHEMBL6021245,CHEMBL4633,2250.0,nM,IC50
CHEMBL5791150,CHEMBL4633,1000.0,nM,IC50
CHEMBL5962591,CHEMBL4633,500.0,nM,IC50
CHEMBL5920299,CHEMBL4633,500.0,nM,IC50
CHEMBL6049399,CHEMBL4633,1000.0,nM,IC50
CHEMBL5832205,CHEMBL4633,1000.0,nM,IC50
CHEMBL5783207,CHEMBL4633,2250.0,nM,IC50
CHEMBL5816966,CHEMBL4633,500.0,nM,IC50
CHEMBL5811053,CHEMBL4633,500.0,nM,IC50
CHEMBL5845552,CHEMBL4633,2250.0,nM,IC50
CHEMBL5818141,CHEMBL4633,500.0,nM,IC50
CHEMBL6057474,CHEMBL4633,500.0,nM,IC50
CHEMBL5943744,CHEMBL4633,1000.0,nM,IC50
CHEMBL5879391,CHEMBL4633,500.0,nM,IC50
CHEMBL5873375,CHEMBL4633,1000.0,nM,IC50
CHEMBL6031493,CHEMBL4633,1000.0,nM,IC50
CHEMBL6043442,CHEMBL4633,2250.0,nM,IC50
CHEMBL5828409,CHEMBL4633,500.0,nM,IC50
CHEMBL5917331,CHEMBL4633,500.0,nM,IC50
CHEMBL5776034,CHEMBL4633,1000.0,nM,IC50
CHEMBL5867233,CHEMBL4633,500.0,nM,IC50
CHEMBL5983446,CHEMBL4633,2250.0,nM,IC50
CHEMBL5836483,CHEMBL4633,2250.0,nM,IC50
CHEMBL5903039,CHEMBL4633,2250.0,nM,IC50
CHEMBL6049649,CHEMBL4633,2250.0,nM,IC50
CHEMBL6054230,CHEMBL4633,1000.0,nM,IC50
CHEMBL5789469,CHEMBL4633,500.0,nM,IC50
CHEMBL5775015,CHEMBL4633,2250.0,nM,IC50
CHEMBL5784996,CHEMBL4633,1000.0,nM,IC50
CHEMBL5789064,CHEMBL4633,1000.0,nM,IC50
CHEMBL5921974,CHEMBL4633,500.0,nM,IC50
CHEMBL5923913,CHEMBL4633,500.0,nM,IC50
CHEMBL5826914,CHEMBL4633,1000.0,nM,IC50
CHEMBL5757453,CHEMBL4633,2250.0,nM,IC50
CHEMBL6051764,CHEMBL4633,2250.0,nM,IC50
CHEMBL5911614,CHEMBL4633,1000.0,nM,IC50
CHEMBL5898425,CHEMBL4633,1000.0,nM,IC50
CHEMBL5968029,CHEMBL4633,500.0,nM,IC50
CHEMBL5897399,CHEMBL4633,500.0,nM,IC50
CHEMBL5951104,CHEMBL4633,1000.0,nM,IC50
CHEMBL5840384,CHEMBL4633,2250.0,nM,IC50
CHEMBL5767610,CHEMBL4633,2250.0,nM,IC50
CHEMBL6039110,CHEMBL4633,500.0,nM,IC50
CHEMBL5889778,CHEMBL4633,2250.0,nM,IC50
CHEMBL5982645,CHEMBL4633,2250.0,nM,IC50
CHEMBL5792650,CHEMBL4633,2250.0,nM,IC50
CHEMBL5873111,CHEMBL4633,500.0,nM,IC50
CHEMBL5838337,CHEMBL4633,1000.0,nM,IC50
CHEMBL5858829,CHEMBL4633,500.0,nM,IC50
CHEMBL5804969,CHEMBL4633,500.0,nM,IC50
CHEMBL5871876,CHEMBL4633,500.0,nM,IC50
CHEMBL5839260,CHEMBL4633,500.0,nM,IC50
CHEMBL5977792,CHEMBL4633,500.0,nM,IC50
CHEMBL6019992,CHEMBL4633,2250.0,nM,IC50
CHEMBL6034177,CHEMBL4633,2250.0,nM,IC50
CHEMBL5948660,CHEMBL4633,2250.0,nM,IC50
CHEMBL5754391,CHEMBL4633,2250.0,nM,IC50
CHEMBL5873577,CHEMBL4633,500.0,nM,IC50
CHEMBL5869077,CHEMBL4633,1000.0,nM,IC50
CHEMBL5962980,CHEMBL4633,1000.0,nM,IC50
CHEMBL5851456,CHEMBL4633,1000.0,nM,IC50
CHEMBL5985695,CHEMBL4633,1000.0,nM,IC50
CHEMBL5771030,CHEMBL4633,1000.0,nM,IC50
CHEMBL5918318,CHEMBL4633,1000.0,nM,IC50
CHEMBL6021245,CHEMBL4633,2250.0,nM,IC50
CHEMBL5791150,CHEMBL4633,1000.0,nM,IC50
CHEMBL5962591,CHEMBL4633,500.0,nM,IC50
CHEMBL5920299,CHEMBL4633,500.0,nM,IC50
CHEMBL6049399,CHEMBL4633,1000.0,nM,IC50
CHEMBL5832205,CHEMBL4633,1000.0,nM,IC50
CHEMBL5783207,CHEMBL4633,2250.0,nM,IC50
CHEMBL5816966,CHEMBL4633,500.0,nM,IC50
CHEMBL5811053,CHEMBL4633,500.0,nM,IC50
CHEMBL5845552,CHEMBL4633,2250.0,nM,IC50
CHEMBL5818141,CHEMBL4633,500.0,nM,IC50
CHEMBL6057474,CHEMBL4633,500.0,nM,IC50
CHEMBL5943744,CHEMBL4633,1000.0,nM,IC50
CHEMBL5879391,CHEMBL4633,500.0,nM,IC50
CHEMBL5873375,CHEMBL4633,1000.0,nM,IC50
CHEMBL6031493,CHEMBL4633,1000.0,nM,IC50
CHEMBL6043442,CHEMBL4633,2250.0,nM,IC50
CHEMBL5828409,CHEMBL4633,500.0,nM,IC50
CHEMBL5917331,CHEMBL4633,500.0,nM,IC50
CHEMBL5776034,CHEMBL4633,1000.0,nM,IC50
CHEMBL5867233,CHEMBL4633,500.0,nM,IC50
CHEMBL5983446,CHEMBL4633,2250.0,nM,IC50
CHEMBL5836483,CHEMBL4633,2250.0,nM,IC50
CHEMBL5903039,CHEMBL4633,2250.0,nM,IC50
CHEMBL6049649,CHEMBL4633,2250.0,nM,IC50
CHEMBL6054230,CHEMBL4633,1000.0,nM,IC50
CHEMBL5789469,CHEMBL4633,500.0,nM,IC50
CHEMBL5775015,CHEMBL4633,2250.0,nM,IC50
CHEMBL5784996,CHEMBL4633,1000.0,nM,IC50
CHEMBL5789064,CHEMBL4633,1000.0,nM,IC50
CHEMBL5921974,CHEMBL4633,500.0,nM,IC50
CHEMBL5923913,CHEMBL4633,500.0,nM,IC50
CHEMBL5826914,CHEMBL4633,1000.0,nM,IC50
CHEMBL5757453,CHEMBL4633,2250.0,nM,IC50
CHEMBL6051764,CHEMBL4633,2250.0,nM,IC50
CHEMBL5911614,CHEMBL4633,1000.0,nM,IC50
CHEMBL5898425,CHEMBL4633,1000.0,nM,IC50
CHEMBL5968029,CHEMBL4633,500.0,nM,IC50
CHEMBL5897399,CHEMBL4633,500.0,nM,IC50
CHEMBL5951104,CHEMBL4633,1000.0,nM,IC50
CHEMBL5840384,CHEMBL4633,2250.0,nM,IC50
CHEMBL5951104,CHEMBL4633,2250.0,nM,IC50
CHEMBL372962,CHEMBL4303,100.0,nM,IC50
CHEMBL199505,CHEMBL4303,30000.0,nM,IC50
CHEMBL372791,CHEMBL4303,50000.0,nM,IC50
CHEMBL202777,CHEMBL4303,50000.0,nM,IC50
CHEMBL201683,CHEMBL4303,300.0,nM,IC50
CHEMBL199283,CHEMBL4303,210.0,nM,IC50
CHEMBL377482,CHEMBL4303,90.0,nM,IC50
CHEMBL365159,CHEMBL4303,365.0,nM,IC50
CHEMBL200001,CHEMBL4303,80.0,nM,IC50
CHEMBL383189,CHEMBL4303,205.0,nM,IC50
CHEMBL200102,CHEMBL4303,50.0,nM,IC50
CHEMBL510001,CHEMBL4303,80760.0,nM,IC50
CHEMBL449164,CHEMBL4303,5.0,nM,IC50
CHEMBL383824,CHEMBL4303,24.0,nM,IC50
CHEMBL414883,CHEMBL4303,20.0,nM,IC50
CHEMBL526127,CHEMBL4303,80.0,nM,IC50
CHEMBL491499,CHEMBL4303,90.0,nM,IC50
CHEMBL113690,CHEMBL4303,1000.0,nM,IC50
CHEMBL191635,CHEMBL4303,280.0,nM,IC50
CHEMBL365159,CHEMBL4303,300.0,nM,IC50
CHEMBL199532,CHEMBL4303,14.0,nM,IC50
CHEMBL381115,CHEMBL4303,90.0,nM,IC50
CHEMBL200001,CHEMBL4303,90.0,nM,IC50
CHEMBL213262,CHEMBL4303,180.0,nM,IC50
CHEMBL215947,CHEMBL4303,110.0,nM,IC50
CHEMBL215657,CHEMBL4303,110.0,nM,IC50
CHEMBL377371,CHEMBL4303,30.0,nM,IC50
CHEMBL212133,CHEMBL4303,28.0,nM,IC50
CHEMBL212850,CHEMBL4303,30.0,nM,IC50
CHEMBL468781,CHEMBL4303,20.0,nM,IC50
CHEMBL467399,CHEMBL4303,30.0,nM,IC50
CHEMBL365617,CHEMBL4303,25.0,nM,IC50
CHEMBL200469,CHEMBL4303,258.0,nM,IC50
CHEMBL200255,CHEMBL4303,461.0,nM,IC50
CHEMBL208239,CHEMBL4303,740.0,nM,IC50
CHEMBL251974,CHEMBL4303,600.0,nM,IC50
CHEMBL252124,CHEMBL4303,28.0,nM,IC50
CHEMBL371915,CHEMBL4303,700.0,nM,IC50
CHEMBL458860,CHEMBL4303,20000.0,nM,IC50
CHEMBL109480,CHEMBL4303,33.0,nM,IC50
CHEMBL109480,CHEMBL4303,15.0,nM,IC50
CHEMBL404630,CHEMBL4303,30.0,nM,IC50
CHEMBL278315,CHEMBL4303,20.0,nM,IC50
CHEMBL512064,CHEMBL4303,90.0,nM,IC50
CHEMBL456678,CHEMBL4303,9000.0,nM,IC50
CHEMBL555136,CHEMBL4303,29.0,nM,IC50
CHEMBL560099,CHEMBL4303,47.0,nM,IC50
CHEMBL549749,CHEMBL4303,56.0,nM,IC50
CHEMBL563327,CHEMBL4303,58.0,nM,IC50
CHEMBL550023,CHEMBL4303,58.0,nM,IC50
CHEMBL561428,CHEMBL4303,64.0,nM,IC50
CHEMBL557689,CHEMBL4303,80.0,nM,IC50
CHEMBL561359,CHEMBL4303,80.0,nM,IC50
CHEMBL561560,CHEMBL4303,84.0,nM,IC50
CHEMBL560298,CHEMBL4303,87.0,nM,IC50
CHEMBL554735,CHEMBL4303,102.0,nM,IC50
CHEMBL549817,CHEMBL4303,127.0,nM,IC50
CHEMBL560835,CHEMBL4303,176.0,nM,IC50
CHEMBL563168,CHEMBL4303,230.0,nM,IC50
CHEMBL564860,CHEMBL4303,300.0,nM,IC50
CHEMBL549674,CHEMBL4303,340.0,nM,IC50
CHEMBL554503,CHEMBL4303,720.0,nM,IC50
CHEMBL554496,CHEMBL4303,900.0,nM,IC50
CHEMBL549340,CHEMBL4303,1560.0,nM,IC50
CHEMBL563361,CHEMBL4303,5700.0,nM,IC50
CHEMBL561426,CHEMBL4303,20000.0,nM,IC50
CHEMBL541949,CHEMBL4303,350000.0,nM,IC50
CHEMBL540934,CHEMBL4303,490000.0,nM,IC50
CHEMBL549547,CHEMBL4303,535000.0,nM,IC50
CHEMBL539379,CHEMBL4303,570000.0,nM,IC50
CHEMBL549673,CHEMBL4303,1250000.0,nM,IC50
CHEMBL226345,CHEMBL4303,4000000.0,nM,IC50
CHEMBL43175,CHEMBL4303,4000000.0,nM,IC50
CHEMBL538937,CHEMBL4303,4000000.0,nM,IC50
CHEMBL560895,CHEMBL4303,22.0,nM,IC50
CHEMBL339231,CHEMBL4303,12.0,nM,IC50
CHEMBL109480,CHEMBL4303,7.0,nM,IC50
CHEMBL339231,CHEMBL4303,7.0,nM,IC50
CHEMBL560895,CHEMBL4303,7.0,nM,IC50
CHEMBL252164,CHEMBL4303,7.0,nM,IC50
CHEMBL467399,CHEMBL4303,7.0,nM,IC50
CHEMBL109480,CHEMBL4303,12.0,nM,IC50
CHEMBL252164,CHEMBL4303,7.0,nM,IC50
CHEMBL467399,CHEMBL4303,38.0,nM,IC50
CHEMBL252164,CHEMBL4303,21.0,nM,IC50
CHEMBL252164,CHEMBL4303,31.0,nM,IC50
CHEMBL467399,CHEMBL4303,140.0,nM,IC50
CHEMBL109480,CHEMBL4303,1270.0,nM,IC50
CHEMBL1917724,CHEMBL4303,50000.0,nM,IC50
CHEMBL1917725,CHEMBL4303,50000.0,nM,IC50
CHEMBL1917726,CHEMBL4303,50000.0,nM,IC50
CHEMBL1917727,CHEMBL4303,1300.0,nM,IC50
CHEMBL1917728,CHEMBL4303,1300.0,nM,IC50
CHEMBL1917729,CHEMBL4303,900.0,nM,IC50
CHEMBL1917878,CHEMBL4303,30.0,nM,IC50
CHEMBL1917723,CHEMBL4303,7600.0,nM,IC50
CHEMBL252164,CHEMBL4303,61.0,nM,IC50
CHEMBL1940913,CHEMBL4303,153.0,nM,IC50
CHEMBL1940914,CHEMBL4303,184.0,nM,IC50
CHEMBL1940915,CHEMBL4303,163.0,nM,IC50
CHEMBL1940916,CHEMBL4303,130.0,nM,IC50
CHEMBL1940917,CHEMBL4303,74.0,nM,IC50
CHEMBL1940918,CHEMBL4303,37.0,nM,IC50
CHEMBL1940919,CHEMBL4303,85.0,nM,IC50
CHEMBL1940920,CHEMBL4303,167.0,nM,IC50
CHEMBL1940921,CHEMBL4303,250.0,nM,IC50
CHEMBL1940922,CHEMBL4303,160.0,nM,IC50
CHEMBL1940923,CHEMBL4303,100000.0,nM,IC50
CHEMBL1940924,CHEMBL4303,168.0,nM,IC50
CHEMBL1940925,CHEMBL4303,55.0,nM,IC50
CHEMBL1940926,CHEMBL4303,41.0,nM,IC50
CHEMBL1940927,CHEMBL4303,190.0,nM,IC50
CHEMBL1940928,CHEMBL4303,260.0,nM,IC50
CHEMBL1940929,CHEMBL4303,240.0,nM,IC50
CHEMBL1940930,CHEMBL4303,24.0,nM,IC50
CHEMBL1940931,CHEMBL4303,30.0,nM,IC50
CHEMBL1940932,CHEMBL4303,28.0,nM,IC50
CHEMBL1940933,CHEMBL4303,40.0,nM,IC50
CHEMBL1940934,CHEMBL4303,5.4,nM,IC50
CHEMBL1940935,CHEMBL4303,5.0,nM,IC50
CHEMBL1940936,CHEMBL4303,5.0,nM,IC50
CHEMBL1940937,CHEMBL4303,5.0,nM,IC50
CHEMBL1940938,CHEMBL4303,5.0,nM,IC50
CHEMBL1940939,CHEMBL4303,5.0,nM,IC50
CHEMBL1940940,CHEMBL4303,24.0,nM,IC50
CHEMBL1938422,CHEMBL4303,8.6,nM,IC50
CHEMBL1940941,CHEMBL4303,5.0,nM,IC50
CHEMBL1940942,CHEMBL4303,39.0,nM,IC50
CHEMBL1940943,CHEMBL4303,14.0,nM,IC50
CHEMBL1940944,CHEMBL4303,12.6,nM,IC50
CHEMBL1940945,CHEMBL4303,5.0,nM,IC50
CHEMBL1940946,CHEMBL4303,5.0,nM,IC50
CHEMBL1940947,CHEMBL4303,15.0,nM,IC50
CHEMBL1940948,CHEMBL4303,5.0,nM,IC50
CHEMBL1940949,CHEMBL4303,12.0,nM,IC50
CHEMBL1941046,CHEMBL4303,5.0,nM,IC50
CHEMBL1941047,CHEMBL4303,7.4,nM,IC50
CHEMBL1941048,CHEMBL4303,19.6,nM,IC50
CHEMBL1941049,CHEMBL4303,8.8,nM,IC50
CHEMBL1941050,CHEMBL4303,214.0,nM,IC50
CHEMBL1941051,CHEMBL4303,120.0,nM,IC50
CHEMBL1941052,CHEMBL4303,26.0,nM,IC50
CHEMBL1941053,CHEMBL4303,34.0,nM,IC50
CHEMBL1941054,CHEMBL4303,34.0,nM,IC50
CHEMBL1941055,CHEMBL4303,71.0,nM,IC50
CHEMBL1941056,CHEMBL4303,24.0,nM,IC50
CHEMBL1941057,CHEMBL4303,32.0,nM,IC50
CHEMBL1941058,CHEMBL4303,32.0,nM,IC50
CHEMBL1941059,CHEMBL4303,22.0,nM,IC50
CHEMBL1941060,CHEMBL4303,24.0,nM,IC50
CHEMBL1941061,CHEMBL4303,20.0,nM,IC50
CHEMBL1941062,CHEMBL4303,19.0,nM,IC50
CHEMBL1941063,CHEMBL4303,84.0,nM,IC50
CHEMBL1941064,CHEMBL4303,22.0,nM,IC50
CHEMBL1941065,CHEMBL4303,250.0,nM,IC50
CHEMBL1941066,CHEMBL4303,27.0,nM,IC50
CHEMBL1941067,CHEMBL4303,40.0,nM,IC50
CHEMBL1941068,CHEMBL4303,10.0,nM,IC50
CHEMBL1941069,CHEMBL4303,36.0,nM,IC50
CHEMBL1941070,CHEMBL4303,260.0,nM,IC50
CHEMBL1941071,CHEMBL4303,48.0,nM,IC50
CHEMBL1941072,CHEMBL4303,62.0,nM,IC50
CHEMBL1941073,CHEMBL4303,33.0,nM,IC50
CHEMBL1941074,CHEMBL4303,34.0,nM,IC50
CHEMBL1941075,CHEMBL4303,20.0,nM,IC50
CHEMBL1941076,CHEMBL4303,15.0,nM,IC50
CHEMBL1941077,CHEMBL4303,5.0,nM,IC50
CHEMBL1941078,CHEMBL4303,5.0,nM,IC50
CHEMBL1941079,CHEMBL4303,40.0,nM,IC50
CHEMBL1941080,CHEMBL4303,230.0,nM,IC50
CHEMBL1941081,CHEMBL4303,430.0,nM,IC50
CHEMBL1941082,CHEMBL4303,620.0,nM,IC50
CHEMBL1941083,CHEMBL4303,1600.0,nM,IC50
CHEMBL2011843,CHEMBL4303,568.0,nM,IC50
CHEMBL2011845,CHEMBL4303,731.0,nM,IC50
CHEMBL2011846,CHEMBL4303,1898.0,nM,IC50
CHEMBL2010814,CHEMBL4303,20000.0,nM,IC50
CHEMBL2011847,CHEMBL4303,665.0,nM,IC50
CHEMBL2011848,CHEMBL4303,7369.0,nM,IC50
CHEMBL2011849,CHEMBL4303,7752.0,nM,IC50
CHEMBL2011850,CHEMBL4303,401.0,nM,IC50
CHEMBL2011851,CHEMBL4303,3655.0,nM,IC50
CHEMBL2011852,CHEMBL4303,20000.0,nM,IC50
CHEMBL2011842,CHEMBL4303,9974.0,nM,IC50
CHEMBL2011844,CHEMBL4303,5813.0,nM,IC50
CHEMBL2011853,CHEMBL4303,705.0,nM,IC50
CHEMBL2011854,CHEMBL4303,4.0,nM,IC50
CHEMBL2011855,CHEMBL4303,498.0,nM,IC50
CHEMBL2011856,CHEMBL4303,4510.0,nM,IC50
CHEMBL2011857,CHEMBL4303,16960.0,nM,IC50
CHEMBL2011858,CHEMBL4303,3783.0,nM,IC50
CHEMBL2011859,CHEMBL4303,16840.0,nM,IC50
CHEMBL2011860,CHEMBL4303,20000.0,nM,IC50
CHEMBL2011854,CHEMBL4303,5.0,nM,IC50
CHEMBL2011854,CHEMBL4303,36.0,nM,IC50
CHEMBL2011854,CHEMBL4303,11.0,nM,IC50
CHEMBL2042890,CHEMBL4303,1900.0,nM,IC50
CHEMBL2042889,CHEMBL4303,61000.0,nM,IC50
CHEMBL2042888,CHEMBL4303,21000.0,nM,IC50
CHEMBL2042887,CHEMBL4303,900.0,nM,IC50
CHEMBL2042886,CHEMBL4303,85000.0,nM,IC50
CHEMBL2042885,CHEMBL4303,45000.0,nM,IC50
CHEMBL2042884,CHEMBL4303,87000.0,nM,IC50
CHEMBL2042891,CHEMBL4303,1800.0,nM,IC50
CHEMBL2042892,CHEMBL4303,4000.0,nM,IC50
CHEMBL2042893,CHEMBL4303,660.0,nM,IC50
CHEMBL2042894,CHEMBL4303,610.0,nM,IC50
CHEMBL2042895,CHEMBL4303,230.0,nM,IC50
CHEMBL2042896,CHEMBL4303,900.0,nM,IC50
CHEMBL2042897,CHEMBL4303,1100.0,nM,IC50
CHEMBL2042898,CHEMBL4303,610.0,nM,IC50
CHEMBL2042899,CHEMBL4303,740.0,nM,IC50
CHEMBL2042900,CHEMBL4303,1700.0,nM,IC50
CHEMBL2042901,CHEMBL4303,570.0,nM,IC50
CHEMBL2042902,CHEMBL4303,1500.0,nM,IC50
CHEMBL2042903,CHEMBL4303,1300.0,nM,IC50
CHEMBL2042904,CHEMBL4303,3600.0,nM,IC50
CHEMBL2042905,CHEMBL4303,980.0,nM,IC50
CHEMBL2042906,CHEMBL4303,3400.0,nM,IC50
CHEMBL2042856,CHEMBL4303,1100.0,nM,IC50
CHEMBL2042857,CHEMBL4303,330.0,nM,IC50
CHEMBL2042858,CHEMBL4303,1100.0,nM,IC50
CHEMBL2042859,CHEMBL4303,630.0,nM,IC50
CHEMBL2042860,CHEMBL4303,390.0,nM,IC50
CHEMBL2042861,CHEMBL4303,760.0,nM,IC50
CHEMBL2042862,CHEMBL4303,470.0,nM,IC50
CHEMBL2042863,CHEMBL4303,2300.0,nM,IC50
CHEMBL2042864,CHEMBL4303,980.0,nM,IC50
CHEMBL2040871,CHEMBL4303,20000.0,nM,IC50
CHEMBL2042865,CHEMBL4303,2600.0,nM,IC50
CHEMBL2042866,CHEMBL4303,2400.0,nM,IC50
CHEMBL2042867,CHEMBL4303,1300.0,nM,IC50
CHEMBL2042868,CHEMBL4303,400.0,nM,IC50
CHEMBL2042869,CHEMBL4303,1500.0,nM,IC50
CHEMBL2042870,CHEMBL4303,250.0,nM,IC50
CHEMBL2042871,CHEMBL4303,3000.0,nM,IC50
CHEMBL2042872,CHEMBL4303,1400.0,nM,IC50
CHEMBL2042873,CHEMBL4303,1300.0,nM,IC50
CHEMBL2042874,CHEMBL4303,5700.0,nM,IC50
CHEMBL2042875,CHEMBL4303,1300.0,nM,IC50
CHEMBL2042876,CHEMBL4303,2500.0,nM,IC50
CHEMBL2042877,CHEMBL4303,590.0,nM,IC50
CHEMBL2042878,CHEMBL4303,710.0,nM,IC50
CHEMBL2042879,CHEMBL4303,800.0,nM,IC50
CHEMBL2042880,CHEMBL4303,800.0,nM,IC50
CHEMBL2042881,CHEMBL4303,730.0,nM,IC50
CHEMBL2042882,CHEMBL4303,410.0,nM,IC50
CHEMBL2042883,CHEMBL4303,60.0,nM,IC50
CHEMBL2042760,CHEMBL4303,780.0,nM,IC50
CHEMBL2042761,CHEMBL4303,370.0,nM,IC50
CHEMBL2042762,CHEMBL4303,580.0,nM,IC50
CHEMBL2042763,CHEMBL4303,460.0,nM,IC50
CHEMBL2042764,CHEMBL4303,170.0,nM,IC50
CHEMBL2042765,CHEMBL4303,680.0,nM,IC50
CHEMBL2040870,CHEMBL4303,580.0,nM,IC50
CHEMBL2042766,CHEMBL4303,500.0,nM,IC50
CHEMBL2042767,CHEMBL4303,200.0,nM,IC50
CHEMBL2042768,CHEMBL4303,350.0,nM,IC50
CHEMBL2042769,CHEMBL4303,150.0,nM,IC50
CHEMBL2042883,CHEMBL4303,1000.0,nM,IC50
CHEMBL2042769,CHEMBL4303,1100.0,nM,IC50
CHEMBL278315,CHEMBL4303,348.0,nM,IC50
CHEMBL2333365,CHEMBL4303,3500.0,nM,IC50
CHEMBL2413570,CHEMBL4303,7000.0,nM,IC50
CHEMBL2413569,CHEMBL4303,7000.0,nM,IC50
CHEMBL2413568,CHEMBL4303,7000.0,nM,IC50
CHEMBL2413587,CHEMBL4303,52000.0,nM,IC50
CHEMBL2413565,CHEMBL4303,16000.0,nM,IC50
CHEMBL14830,CHEMBL4303,42159.0,nM,IC50
CHEMBL14249,CHEMBL4303,893677.0,nM,IC50
CHEMBL2103879,CHEMBL4303,5.0,nM,IC50
CHEMBL252164,CHEMBL4303,16.0,nM,IC50
CHEMBL560895,CHEMBL4303,25.0,nM,IC50
CHEMBL2419346,CHEMBL4303,38.0,nM,IC50
CHEMBL200102,CHEMBL4303,42.0,nM,IC50
CHEMBL467399,CHEMBL4303,17.0,nM,IC50
CHEMBL109480,CHEMBL4303,45.0,nM,IC50
CHEMBL278315,CHEMBL4303,22.0,nM,IC50
CHEMBL414883,CHEMBL4303,19.0,nM,IC50
CHEMBL3126058,CHEMBL4303,920.0,nM,IC50
CHEMBL3126057,CHEMBL4303,1210.0,nM,IC50
CHEMBL3126056,CHEMBL4303,9780.0,nM,IC50
CHEMBL3126055,CHEMBL4303,21230.0,nM,IC50
CHEMBL3126085,CHEMBL4303,11790.0,nM,IC50
CHEMBL3126084,CHEMBL4303,8690.0,nM,IC50
CHEMBL3126083,CHEMBL4303,6420.0,nM,IC50
CHEMBL3126082,CHEMBL4303,950.0,nM,IC50
CHEMBL3126081,CHEMBL4303,640.0,nM,IC50
CHEMBL3126080,CHEMBL4303,2030.0,nM,IC50
CHEMBL3126079,CHEMBL4303,870.0,nM,IC50
CHEMBL3126078,CHEMBL4303,2250.0,nM,IC50
CHEMBL3126077,CHEMBL4303,1430.0,nM,IC50
CHEMBL3126076,CHEMBL4303,750.0,nM,IC50
CHEMBL3126075,CHEMBL4303,100000.0,nM,IC50
CHEMBL3126074,CHEMBL4303,70430.0,nM,IC50
CHEMBL383824,CHEMBL4303,930.0,nM,IC50
CHEMBL3126073,CHEMBL4303,15290.0,nM,IC50
CHEMBL3126072,CHEMBL4303,6320.0,nM,IC50
CHEMBL3126071,CHEMBL4303,22610.0,nM,IC50
CHEMBL3126070,CHEMBL4303,36490.0,nM,IC50
CHEMBL3126069,CHEMBL4303,25770.0,nM,IC50
CHEMBL3126068,CHEMBL4303,30410.0,nM,IC50
CHEMBL3126067,CHEMBL4303,3670.0,nM,IC50
CHEMBL3126066,CHEMBL4303,13840.0,nM,IC50
CHEMBL3126065,CHEMBL4303,11450.0,nM,IC50
CHEMBL3126064,CHEMBL4303,4370.0,nM,IC50
CHEMBL3126063,CHEMBL4303,5430.0,nM,IC50
CHEMBL3126062,CHEMBL4303,970.0,nM,IC50
CHEMBL3126061,CHEMBL4303,1030.0,nM,IC50
CHEMBL3126060,CHEMBL4303,2430.0,nM,IC50
CHEMBL3126059,CHEMBL4303,5120.0,nM,IC50
CHEMBL1622311,CHEMBL4303,5310.0,nM,IC50
CHEMBL3128291,CHEMBL4303,500000.0,nM,IC50
CHEMBL3128288,CHEMBL4303,500000.0,nM,IC50
CHEMBL3128287,CHEMBL4303,500000.0,nM,IC50
CHEMBL3128285,CHEMBL4303,500000.0,nM,IC50
CHEMBL3128284,CHEMBL4303,500000.0,nM,IC50
CHEMBL3128282,CHEMBL4303,500000.0,nM,IC50
CHEMBL3128279,CHEMBL4303,500000.0,nM,IC50
CHEMBL3128276,CHEMBL4303,500000.0,nM,IC50
CHEMBL3128275,CHEMBL4303,500000.0,nM,IC50
CHEMBL3128273,CHEMBL4303,500000.0,nM,IC50
CHEMBL3128272,CHEMBL4303,250000.0,nM,IC50
CHEMBL3128270,CHEMBL4303,500000.0,nM,IC50
CHEMBL112953,CHEMBL4303,660.0,nM,IC50
CHEMBL164,CHEMBL4303,13500.0,nM,IC50
CHEMBL3234416,CHEMBL4303,119500.0,nM,IC50
CHEMBL109480,CHEMBL4303,26500.0,nM,IC50
CHEMBL3235333,CHEMBL4303,120.0,nM,IC50
CHEMBL3235334,CHEMBL4303,120.0,nM,IC50
CHEMBL3235335,CHEMBL4303,110.0,nM,IC50
CHEMBL3235336,CHEMBL4303,190.0,nM,IC50
CHEMBL3235337,CHEMBL4303,720.0,nM,IC50
CHEMBL3235338,CHEMBL4303,90.0,nM,IC50
CHEMBL3235339,CHEMBL4303,190.0,nM,IC50
CHEMBL3235340,CHEMBL4303,420.0,nM,IC50
CHEMBL3235341,CHEMBL4303,220.0,nM,IC50
CHEMBL3235342,CHEMBL4303,450.0,nM,IC50
CHEMBL3235343,CHEMBL4303,140.0,nM,IC50
CHEMBL3235344,CHEMBL4303,930.0,nM,IC50
CHEMBL3235345,CHEMBL4303,73.0,nM,IC50
CHEMBL3235346,CHEMBL4303,10000.0,nM,IC50
CHEMBL3235347,CHEMBL4303,8500.0,nM,IC50
CHEMBL3235348,CHEMBL4303,10000.0,nM,IC50
CHEMBL3235349,CHEMBL4303,3600.0,nM,IC50
CHEMBL3235350,CHEMBL4303,143.0,nM,IC50
CHEMBL3235351,CHEMBL4303,530.0,nM,IC50
CHEMBL3235352,CHEMBL4303,222.0,nM,IC50
CHEMBL3235353,CHEMBL4303,24.0,nM,IC50
CHEMBL3235354,CHEMBL4303,36.0,nM,IC50
CHEMBL3235355,CHEMBL4303,19.0,nM,IC50
CHEMBL3235356,CHEMBL4303,195.0,nM,IC50
CHEMBL3235357,CHEMBL4303,1000.0,nM,IC50
CHEMBL3235358,CHEMBL4303,1700.0,nM,IC50
CHEMBL3235359,CHEMBL4303,480.0,nM,IC50
CHEMBL3235360,CHEMBL4303,230.0,nM,IC50
CHEMBL3235361,CHEMBL4303,80.0,nM,IC50
CHEMBL3235362,CHEMBL4303,81.0,nM,IC50
CHEMBL3235363,CHEMBL4303,280.0,nM,IC50
CHEMBL3104858,CHEMBL4303,30.0,nM,IC50
CHEMBL3235350,CHEMBL4303,27.0,nM,IC50
CHEMBL3235353,CHEMBL4303,6.0,nM,IC50
CHEMBL252164,CHEMBL4303,7.0,nM,IC50
CHEMBL3235842,CHEMBL4303,50900.0,nM,IC50
CHEMBL3235843,CHEMBL4303,100000.0,nM,IC50
CHEMBL3235844,CHEMBL4303,40240.0,nM,IC50
CHEMBL3235845,CHEMBL4303,47880.0,nM,IC50
CHEMBL1706253,CHEMBL4303,63200.0,nM,IC50
CHEMBL3235846,CHEMBL4303,55120.0,nM,IC50
CHEMBL3235847,CHEMBL4303,46130.0,nM,IC50
CHEMBL1882758,CHEMBL4303,74680.0,nM,IC50
CHEMBL3235848,CHEMBL4303,59280.0,nM,IC50
CHEMBL3235849,CHEMBL4303,35180.0,nM,IC50
CHEMBL3235850,CHEMBL4303,87960.0,nM,IC50
CHEMBL383824,CHEMBL4303,1410.0,nM,IC50
CHEMBL1214827,CHEMBL4303,350.0,nM,IC50
CHEMBL3235842,CHEMBL4303,,,IC50
CHEMBL3235843,CHEMBL4303,,,IC50
CHEMBL3235844,CHEMBL4303,100000.0,nM,IC50
CHEMBL3235845,CHEMBL4303,100000.0,nM,IC50
CHEMBL1706253,CHEMBL4303,,,IC50
CHEMBL3235846,CHEMBL4303,,,IC50
CHEMBL3235847,CHEMBL4303,100000.0,nM,IC50
CHEMBL1882758,CHEMBL4303,,,IC50
CHEMBL3235848,CHEMBL4303,,,IC50
CHEMBL3235849,CHEMBL4303,45390.0,nM,IC50
CHEMBL3235850,CHEMBL4303,,,IC50
CHEMBL383824,CHEMBL4303,90.0,nM,IC50
CHEMBL1214827,CHEMBL4303,30.0,nM,IC50
CHEMBL3235851,CHEMBL4303,16440.0,nM,IC50
CHEMBL3235852,CHEMBL4303,27210.0,nM,IC50
CHEMBL3235853,CHEMBL4303,24480.0,nM,IC50
CHEMBL3235854,CHEMBL4303,7880.0,nM,IC50
CHEMBL3235855,CHEMBL4303,3230.0,nM,IC50
CHEMBL3235856,CHEMBL4303,930.0,nM,IC50
CHEMBL3235857,CHEMBL4303,510.0,nM,IC50
CHEMBL3235858,CHEMBL4303,420.0,nM,IC50
CHEMBL3235851,CHEMBL4303,40360.0,nM,IC50
CHEMBL3235852,CHEMBL4303,100000.0,nM,IC50
CHEMBL3235853,CHEMBL4303,100000.0,nM,IC50
CHEMBL3235854,CHEMBL4303,30540.0,nM,IC50
CHEMBL3235855,CHEMBL4303,10230.0,nM,IC50
CHEMBL3235856,CHEMBL4303,1670.0,nM,IC50
CHEMBL3235857,CHEMBL4303,310.0,nM,IC50
CHEMBL3235858,CHEMBL4303,100.0,nM,IC50
CHEMBL297453,CHEMBL4303,155000.0,nM,IC50
CHEMBL264938,CHEMBL4303,34000.0,nM,IC50
CHEMBL3264525,CHEMBL4303,24000.0,nM,IC50
CHEMBL3264526,CHEMBL4303,41000.0,nM,IC50
CHEMBL3264527,CHEMBL4303,58000.0,nM,IC50
CHEMBL3264528,CHEMBL4303,64000.0,nM,IC50
CHEMBL3264529,CHEMBL4303,30000.0,nM,IC50
CHEMBL3264530,CHEMBL4303,75000.0,nM,IC50
CHEMBL3264531,CHEMBL4303,44000.0,nM,IC50
CHEMBL3264532,CHEMBL4303,98000.0,nM,IC50
CHEMBL3264533,CHEMBL4303,110000.0,nM,IC50
CHEMBL3264534,CHEMBL4303,280000.0,nM,IC50
CHEMBL3264535,CHEMBL4303,65000.0,nM,IC50
CHEMBL3264536,CHEMBL4303,69000.0,nM,IC50
CHEMBL3264537,CHEMBL4303,81000.0,nM,IC50
CHEMBL3264538,CHEMBL4303,310000.0,nM,IC50
CHEMBL3264539,CHEMBL4303,440000.0,nM,IC50
CHEMBL3264540,CHEMBL4303,410000.0,nM,IC50
CHEMBL3264541,CHEMBL4303,63000.0,nM,IC50
CHEMBL1923070,CHEMBL4303,35000.0,nM,IC50
CHEMBL3264542,CHEMBL4303,120000.0,nM,IC50
CHEMBL3264543,CHEMBL4303,150000.0,nM,IC50
CHEMBL36506,CHEMBL4303,231000.0,nM,IC50
CHEMBL389471,CHEMBL4303,15300.0,nM,IC50
CHEMBL278315,CHEMBL4303,10.0,nM,IC50
CHEMBL3360762,CHEMBL4303,160000.0,nM,IC50
CHEMBL3360767,CHEMBL4303,18600.0,nM,IC50
CHEMBL3360769,CHEMBL4303,18800.0,nM,IC50
CHEMBL3360770,CHEMBL4303,15800.0,nM,IC50
CHEMBL3360771,CHEMBL4303,120000.0,nM,IC50
CHEMBL3360772,CHEMBL4303,67000.0,nM,IC50
CHEMBL3360773,CHEMBL4303,121000.0,nM,IC50
CHEMBL3360774,CHEMBL4303,10400.0,nM,IC50
CHEMBL3360775,CHEMBL4303,16800.0,nM,IC50
CHEMBL3360776,CHEMBL4303,27000.0,nM,IC50
CHEMBL3360777,CHEMBL4303,730.0,nM,IC50
CHEMBL190439,CHEMBL4303,100000.0,nM,IC50
CHEMBL193892,CHEMBL4303,100000.0,nM,IC50
CHEMBL190438,CHEMBL4303,100000.0,nM,IC50
CHEMBL371372,CHEMBL4303,100000.0,nM,IC50
CHEMBL370286,CHEMBL4303,100000.0,nM,IC50
CHEMBL426086,CHEMBL4303,,,IC50
CHEMBL365118,CHEMBL4303,300000.0,nM,IC50
CHEMBL3426733,CHEMBL4303,,,IC50
CHEMBL424824,CHEMBL4303,300000.0,nM,IC50
CHEMBL371570,CHEMBL4303,50000.0,nM,IC50
CHEMBL364450,CHEMBL4303,100000.0,nM,IC50
CHEMBL364239,CHEMBL4303,300000.0,nM,IC50
CHEMBL364456,CHEMBL4303,100000.0,nM,IC50
CHEMBL192013,CHEMBL4303,500000.0,nM,IC50
CHEMBL3426734,CHEMBL4303,100000.0,nM,IC50
CHEMBL3426735,CHEMBL4303,,,IC50
CHEMBL195096,CHEMBL4303,300000.0,nM,IC50
CHEMBL3426736,CHEMBL4303,,,IC50
CHEMBL3426737,CHEMBL4303,,,IC50
CHEMBL3426738,CHEMBL4303,,,IC50
CHEMBL3426739,CHEMBL4303,39470.0,nM,IC50
CHEMBL192480,CHEMBL4303,200000.0,nM,IC50
CHEMBL3426740,CHEMBL4303,500000.0,nM,IC50
CHEMBL200102,CHEMBL4303,42.0,nM,IC50
CHEMBL3426741,CHEMBL4303,100000.0,nM,IC50
CHEMBL3426742,CHEMBL4303,100000.0,nM,IC50
CHEMBL3426743,CHEMBL4303,100000.0,nM,IC50
CHEMBL3426744,CHEMBL4303,100000.0,nM,IC50
CHEMBL3426745,CHEMBL4303,100000.0,nM,IC50
CHEMBL3426746,CHEMBL4303,100000.0,nM,IC50
CHEMBL3426747,CHEMBL4303,100000.0,nM,IC50
CHEMBL3426748,CHEMBL4303,100000.0,nM,IC50
CHEMBL3426749,CHEMBL4303,100000.0,nM,IC50
CHEMBL3426750,CHEMBL4303,100000.0,nM,IC50
CHEMBL3426751,CHEMBL4303,,,IC50
CHEMBL3426752,CHEMBL4303,,,IC50
CHEMBL3426753,CHEMBL4303,,,IC50
CHEMBL3426754,CHEMBL4303,,,IC50
CHEMBL3426755,CHEMBL4303,,,IC50
CHEMBL3426756,CHEMBL4303,,,IC50
CHEMBL3426757,CHEMBL4303,,,IC50
CHEMBL3426758,CHEMBL4303,,,IC50
CHEMBL3426759,CHEMBL4303,,,IC50
CHEMBL3426760,CHEMBL4303,,,IC50
CHEMBL3426761,CHEMBL4303,,,IC50
CHEMBL3426762,CHEMBL4303,,,IC50
CHEMBL3426763,CHEMBL4303,,,IC50
CHEMBL3426764,CHEMBL4303,100000.0,nM,IC50
CHEMBL3426765,CHEMBL4303,100000.0,nM,IC50
CHEMBL3426766,CHEMBL4303,100000.0,nM,IC50
CHEMBL3426767,CHEMBL4303,100000.0,nM,IC50
CHEMBL3426768,CHEMBL4303,500000.0,nM,IC50
CHEMBL3426769,CHEMBL4303,250000.0,nM,IC50
CHEMBL3426770,CHEMBL4303,100000.0,nM,IC50
CHEMBL3426771,CHEMBL4303,100000.0,nM,IC50
CHEMBL3426772,CHEMBL4303,100000.0,nM,IC50
CHEMBL3426773,CHEMBL4303,100000.0,nM,IC50
CHEMBL3426774,CHEMBL4303,100000.0,nM,IC50
CHEMBL3426775,CHEMBL4303,100000.0,nM,IC50
CHEMBL3426776,CHEMBL4303,100000.0,nM,IC50
CHEMBL3426777,CHEMBL4303,100000.0,nM,IC50
CHEMBL3426778,CHEMBL4303,,,IC50
CHEMBL3426779,CHEMBL4303,100000.0,nM,IC50
CHEMBL3426780,CHEMBL4303,,,IC50
CHEMBL3426781,CHEMBL4303,41800.0,nM,IC50
CHEMBL3426782,CHEMBL4303,,,IC50
CHEMBL3426783,CHEMBL4303,,,IC50
CHEMBL3426784,CHEMBL4303,,,IC50
CHEMBL3426785,CHEMBL4303,,,IC50
CHEMBL3600800,CHEMBL4303,73.0,nM,IC50
CHEMBL3600799,CHEMBL4303,389.0,nM,IC50
CHEMBL3600798,CHEMBL4303,393.0,nM,IC50
CHEMBL3600797,CHEMBL4303,120.0,nM,IC50
CHEMBL3600796,CHEMBL4303,143.0,nM,IC50
CHEMBL3600795,CHEMBL4303,151.0,nM,IC50
CHEMBL3600794,CHEMBL4303,1770.0,nM,IC50
CHEMBL3600793,CHEMBL4303,446.0,nM,IC50
CHEMBL3600792,CHEMBL4303,111.0,nM,IC50
CHEMBL3600791,CHEMBL4303,126.0,nM,IC50
CHEMBL3600790,CHEMBL4303,68.0,nM,IC50
CHEMBL3600789,CHEMBL4303,384.0,nM,IC50
CHEMBL3600387,CHEMBL4303,116.0,nM,IC50
CHEMBL3600514,CHEMBL4303,108.0,nM,IC50
CHEMBL3600513,CHEMBL4303,76.0,nM,IC50
CHEMBL3600512,CHEMBL4303,237.0,nM,IC50
CHEMBL3600511,CHEMBL4303,101.0,nM,IC50
CHEMBL3600510,CHEMBL4303,167.0,nM,IC50
CHEMBL3600509,CHEMBL4303,1100.0,nM,IC50
CHEMBL3600508,CHEMBL4303,146.0,nM,IC50
CHEMBL3600507,CHEMBL4303,149.0,nM,IC50
CHEMBL3600506,CHEMBL4303,160.0,nM,IC50
CHEMBL3600505,CHEMBL4303,87.0,nM,IC50
CHEMBL3600504,CHEMBL4303,114.0,nM,IC50
CHEMBL3600503,CHEMBL4303,87.0,nM,IC50
CHEMBL3600502,CHEMBL4303,135.0,nM,IC50
CHEMBL3600501,CHEMBL4303,142.0,nM,IC50
CHEMBL3600500,CHEMBL4303,83.0,nM,IC50
CHEMBL3600499,CHEMBL4303,35.0,nM,IC50
CHEMBL3600498,CHEMBL4303,99.0,nM,IC50
CHEMBL3600497,CHEMBL4303,141.0,nM,IC50
CHEMBL3600496,CHEMBL4303,144.0,nM,IC50
CHEMBL3600495,CHEMBL4303,736.0,nM,IC50
CHEMBL3600494,CHEMBL4303,133.0,nM,IC50
CHEMBL3600435,CHEMBL4303,182.0,nM,IC50
CHEMBL3600434,CHEMBL4303,636.0,nM,IC50
CHEMBL252164,CHEMBL4303,85.0,nM,IC50
CHEMBL1514322,CHEMBL4303,50000.0,nM,IC50
CHEMBL3686073,CHEMBL4303,1400.0,nM,IC50
CHEMBL3686074,CHEMBL4303,3500.0,nM,IC50
CHEMBL3686075,CHEMBL4303,35000.0,nM,IC50
CHEMBL3686076,CHEMBL4303,680.0,nM,IC50
CHEMBL3686077,CHEMBL4303,2900.0,nM,IC50
CHEMBL3686078,CHEMBL4303,5000.0,nM,IC50
CHEMBL3686079,CHEMBL4303,1800.0,nM,IC50
CHEMBL3686080,CHEMBL4303,2600.0,nM,IC50
CHEMBL3686081,CHEMBL4303,7860.0,nM,IC50
CHEMBL3686082,CHEMBL4303,382.0,nM,IC50
CHEMBL3686083,CHEMBL4303,1400.0,nM,IC50
CHEMBL3686084,CHEMBL4303,1800.0,nM,IC50
CHEMBL3686085,CHEMBL4303,1560.0,nM,IC50
CHEMBL3686086,CHEMBL4303,1040.0,nM,IC50
CHEMBL3686087,CHEMBL4303,1460.0,nM,IC50
CHEMBL3686088,CHEMBL4303,1680.0,nM,IC50
CHEMBL3686089,CHEMBL4303,3000.0,nM,IC50
CHEMBL3686090,CHEMBL4303,2740.0,nM,IC50
CHEMBL3686091,CHEMBL4303,5920.0,nM,IC50
CHEMBL3686072,CHEMBL4303,4750.0,nM,IC50
CHEMBL3686092,CHEMBL4303,2000.0,nM,IC50
CHEMBL3686093,CHEMBL4303,2000.0,nM,IC50
CHEMBL3686094,CHEMBL4303,30000.0,nM,IC50
CHEMBL3686095,CHEMBL4303,100000.0,nM,IC50
CHEMBL3686096,CHEMBL4303,58.0,nM,IC50
CHEMBL3686097,CHEMBL4303,40.0,nM,IC50
CHEMBL3686098,CHEMBL4303,110.0,nM,IC50
CHEMBL3686099,CHEMBL4303,100.0,nM,IC50
CHEMBL3686100,CHEMBL4303,29.0,nM,IC50
CHEMBL3686101,CHEMBL4303,27.0,nM,IC50
CHEMBL3686102,CHEMBL4303,38.0,nM,IC50
CHEMBL3686103,CHEMBL4303,79.0,nM,IC50
CHEMBL3686104,CHEMBL4303,56.0,nM,IC50
CHEMBL3686105,CHEMBL4303,46.0,nM,IC50
CHEMBL3686106,CHEMBL4303,100.0,nM,IC50
CHEMBL3686107,CHEMBL4303,30.0,nM,IC50
CHEMBL3686108,CHEMBL4303,107.0,nM,IC50
CHEMBL3686109,CHEMBL4303,180.0,nM,IC50
CHEMBL3686110,CHEMBL4303,330.0,nM,IC50
CHEMBL3686111,CHEMBL4303,220.0,nM,IC50
CHEMBL3686112,CHEMBL4303,58.0,nM,IC50
CHEMBL3686112,CHEMBL4303,47.0,nM,IC50
CHEMBL3686113,CHEMBL4303,243.0,nM,IC50
CHEMBL3686113,CHEMBL4303,220.0,nM,IC50
CHEMBL3686114,CHEMBL4303,330.0,nM,IC50
CHEMBL3686115,CHEMBL4303,93.0,nM,IC50
CHEMBL3686116,CHEMBL4303,336.0,nM,IC50
CHEMBL3686116,CHEMBL4303,207.0,nM,IC50
CHEMBL3686117,CHEMBL4303,336.0,nM,IC50
CHEMBL3686118,CHEMBL4303,330.0,nM,IC50
CHEMBL3686119,CHEMBL4303,85.0,nM,IC50
CHEMBL3686120,CHEMBL4303,49.0,nM,IC50
CHEMBL3686121,CHEMBL4303,114.0,nM,IC50
CHEMBL4758278,CHEMBL4303,3900.0,nM,IC50
CHEMBL4777096,CHEMBL4303,2580.0,nM,IC50
CHEMBL4751004,CHEMBL4303,3570.0,nM,IC50
CHEMBL4745048,CHEMBL4303,1840.0,nM,IC50
CHEMBL4740117,CHEMBL4303,1850.0,nM,IC50
CHEMBL4740901,CHEMBL4303,3720.0,nM,IC50
CHEMBL4788842,CHEMBL4303,25000.0,nM,IC50
CHEMBL4740901,CHEMBL4303,4000.0,nM,IC50
CHEMBL4760133,CHEMBL4303,50000.0,nM,IC50
CHEMBL560895,CHEMBL4303,4.0,nM,IC50
CHEMBL3235353,CHEMBL4303,5.0,nM,IC50
CHEMBL4763549,CHEMBL4303,101.0,nM,IC50
CHEMBL4740273,CHEMBL4303,68.0,nM,IC50
CHEMBL4756421,CHEMBL4303,51.0,nM,IC50
CHEMBL4796520,CHEMBL4303,40.0,nM,IC50
CHEMBL4761498,CHEMBL4303,156.0,nM,IC50
CHEMBL4789323,CHEMBL4303,50000.0,nM,IC50
CHEMBL4761885,CHEMBL4303,264.0,nM,IC50
CHEMBL4796556,CHEMBL4303,946.0,nM,IC50
CHEMBL4791530,CHEMBL4303,159.0,nM,IC50
CHEMBL4763239,CHEMBL4303,233.0,nM,IC50
CHEMBL4791941,CHEMBL4303,121.0,nM,IC50
CHEMBL4787078,CHEMBL4303,91.0,nM,IC50
CHEMBL4786075,CHEMBL4303,426.0,nM,IC50
CHEMBL4762355,CHEMBL4303,4470.0,nM,IC50
CHEMBL4739925,CHEMBL4303,463.0,nM,IC50
CHEMBL4756340,CHEMBL4303,513.0,nM,IC50
CHEMBL4781194,CHEMBL4303,4460.0,nM,IC50
CHEMBL4740377,CHEMBL4303,33.0,nM,IC50
CHEMBL4744768,CHEMBL4303,5000.0,nM,IC50
CHEMBL4474770,CHEMBL4303,9550.0,nM,IC50
CHEMBL109480,CHEMBL4303,810.0,nM,IC50
CHEMBL4777557,CHEMBL4303,5600.0,nM,IC50
CHEMBL4778213,CHEMBL4303,9800.0,nM,IC50
CHEMBL4777111,CHEMBL4303,1800.0,nM,IC50
CHEMBL4746322,CHEMBL4303,40000.0,nM,IC50
CHEMBL4760861,CHEMBL4303,40000.0,nM,IC50
CHEMBL4748845,CHEMBL4303,1700.0,nM,IC50
CHEMBL4745924,CHEMBL4303,14600.0,nM,IC50
CHEMBL4741221,CHEMBL4303,180.0,nM,IC50
CHEMBL4777925,CHEMBL4303,5000.0,nM,IC50
CHEMBL4759116,CHEMBL4303,2700.0,nM,IC50
CHEMBL5072089,CHEMBL4303,89000.0,nM,IC50
CHEMBL5087309,CHEMBL4303,218000.0,nM,IC50
CHEMBL424824,CHEMBL4303,250000.0,nM,IC50
CHEMBL252164,CHEMBL4303,21.0,nM,IC50
CHEMBL5269682,CHEMBL4303,5100.0,nM,IC50
CHEMBL5284971,CHEMBL4303,14910.0,nM,IC50
CHEMBL5267515,CHEMBL4303,50000.0,nM,IC50
CHEMBL5289079,CHEMBL4303,50000.0,nM,IC50
CHEMBL5287231,CHEMBL4303,50000.0,nM,IC50
CHEMBL5274560,CHEMBL4303,50000.0,nM,IC50
CHEMBL5289273,CHEMBL4303,50000.0,nM,IC50
CHEMBL5277885,CHEMBL4303,5230.0,nM,IC50
CHEMBL5284961,CHEMBL4303,50000.0,nM,IC50
CHEMBL5271250,CHEMBL4303,4570.0,nM,IC50
CHEMBL5284462,CHEMBL4303,2400.0,nM,IC50
CHEMBL5272337,CHEMBL4303,2070.0,nM,IC50
CHEMBL5273982,CHEMBL4303,50000.0,nM,IC50
CHEMBL5284774,CHEMBL4303,50000.0,nM,IC50
CHEMBL5279505,CHEMBL4303,5160.0,nM,IC50
CHEMBL5273536,CHEMBL4303,4980.0,nM,IC50
CHEMBL5277792,CHEMBL4303,30500.0,nM,IC50
CHEMBL5272363,CHEMBL4303,50000.0,nM,IC50
CHEMBL5280465,CHEMBL4303,426.0,nM,IC50
CHEMBL5267711,CHEMBL4303,17940.0,nM,IC50
CHEMBL5270730,CHEMBL4303,39920.0,nM,IC50
CHEMBL5276392,CHEMBL4303,50000.0,nM,IC50
CHEMBL5270073,CHEMBL4303,50000.0,nM,IC50
CHEMBL5267805,CHEMBL4303,3670.0,nM,IC50
CHEMBL5281407,CHEMBL4303,4280.0,nM,IC50
CHEMBL5273850,CHEMBL4303,3790.0,nM,IC50
CHEMBL5283046,CHEMBL4303,2740.0,nM,IC50
CHEMBL5274479,CHEMBL4303,2550.0,nM,IC50
CHEMBL5281828,CHEMBL4303,4840.0,nM,IC50
CHEMBL5288026,CHEMBL4303,4400.0,nM,IC50
CHEMBL5279420,CHEMBL4303,3980.0,nM,IC50
CHEMBL5290423,CHEMBL4303,4150.0,nM,IC50
CHEMBL5288385,CHEMBL4303,2120.0,nM,IC50
CHEMBL5277312,CHEMBL4303,328.0,nM,IC50
CHEMBL5286973,CHEMBL4303,563.0,nM,IC50
CHEMBL5289895,CHEMBL4303,639.0,nM,IC50
CHEMBL5276395,CHEMBL4303,48.0,nM,IC50
CHEMBL5279033,CHEMBL4303,22350.0,nM,IC50
CHEMBL5286309,CHEMBL4303,4550.0,nM,IC50
CHEMBL5275106,CHEMBL4303,3970.0,nM,IC50
CHEMBL5276326,CHEMBL4303,12920.0,nM,IC50
CHEMBL5273198,CHEMBL4303,50000.0,nM,IC50
CHEMBL5400343,CHEMBL4303,96140.0,nM,IC50
CHEMBL5414316,CHEMBL4303,100000.0,nM,IC50
CHEMBL5432073,CHEMBL4303,100000.0,nM,IC50
CHEMBL5404406,CHEMBL4303,100000.0,nM,IC50
CHEMBL5399553,CHEMBL4303,100000.0,nM,IC50
CHEMBL5425276,CHEMBL4303,100000.0,nM,IC50
CHEMBL5437480,CHEMBL4303,8390.0,nM,IC50
CHEMBL5398860,CHEMBL4303,100000.0,nM,IC50
CHEMBL5434857,CHEMBL4303,100000.0,nM,IC50
CHEMBL5398408,CHEMBL4303,100000.0,nM,IC50
CHEMBL5397907,CHEMBL4303,100000.0,nM,IC50
CHEMBL5419640,CHEMBL4303,100000.0,nM,IC50
CHEMBL5400074,CHEMBL4303,100000.0,nM,IC50
CHEMBL5439550,CHEMBL4303,100000.0,nM,IC50
CHEMBL3661115,CHEMBL4303,21.3,nM,IC50
CHEMBL4474770,CHEMBL4303,180.0,nM,IC50
CHEMBL1215467,CHEMBL4303,4.0,nM,IC50
CHEMBL5633917,CHEMBL4303,1600.0,nM,IC50
CHEMBL1254575,CHEMBL4303,4470.0,nM,IC50
CHEMBL1232461,CHEMBL4303,40.0,nM,IC50
